,F_Stats,MIC,RF_fimpo,SplitCount,Coverage,PermuImp,boruta,ShapTree,importance_gain,importance_split,MRMR
age,3.5804138,0.1585554758189163,1.8618898427976711,2.5897533889350988,0.7481880195651104,8.237547892720041,1.0,3.959914541964068,342.80172865816786,229,1.0
rep__eeg_n1_theta_alpha,1.3250881,0.2966036360347497,0.8108480710661679,1.159993705460513,0.5503478382382267,0.0,2.0,1.6612244449741715,30.823068390030397,53,4.0
rep__eeg_wake_rel_theta,1.0500349,0.2672541181973195,0.7702462628802113,0.4586021626239238,0.3565225604028462,0.0,1.0,1.349000436216911,47.08095118783481,31,9.0
rep__eeg_rem_abs_delta,0.9901005,0.2749555909899237,0.2755061426967452,0.2427893802126655,0.2146980104388131,0.0,63.0,0.1562417912982883,2.916559089815536,23,10.0
nk__hrv_n1_sd1,0.98184496,0.3076110720147322,0.2156958620180731,0.1348829890070363,1.949736710671845,0.0,75.0,0.4123516393415989,0.03253798943478614,4,17.0
nk__hrv_n1_sdsd,0.97970104,0.3069095601105837,0.1709899058784853,0.2697659780140727,0.0986132626636138,0.0,86.0,0.1592184969300809,0.0,0,5.0
nk__hrv_n1_rmssd,0.97774416,0.3050289934974168,0.1795454967978566,0.1348829890070363,0.2724926821690043,0.1915708812260594,128.0,0.3040848954281848,7.780397784522712,6,24.0
nk__hrv_n1_tp,0.96995515,0.2551467339615437,0.3384276715696478,0.2697659780140727,0.2888494912989987,0.9578544061302972,23.0,0.3847167899881791,4.632001625409143,9,12.0
nk__hrv_n1_hf,0.96048254,0.2583287086808153,0.4103463874199512,,,0.0,17.0,0.1357713192220952,0.08098861128760611,8,26.0
rep__eeg_n2_theta_alpha,0.94045585,0.2837625023383929,0.5947140088960299,0.5934851516309603,0.4754530314493759,0.0,8.0,1.019913708834464,60.93796603960561,55,14.0
rep__eeg_n1_abs_theta,0.90691066,0.2962412364535791,0.3301019392009702,0.5665085538295529,0.2842648258854974,0.7662835249042378,32.0,0.4733383337398461,13.148088443660527,17,15.0
nk__hrv_sleep_rmssd,0.86083794,0.2671020623929514,0.2156984368821796,0.1348829890070363,0.3692100922658995,0.0,127.0,0.3839425973478113,0.0003708369913510978,1,30.0
nk__hrv_sleep_sdsd,0.8604429,0.2671020623929514,0.2291402101531795,,,0.1915708812260594,158.0,0.2117454232507795,0.0,0,34.0
nk__hrv_sleep_sd1,0.8596601,0.2671020623929514,0.1603274943385376,,,0.0,238.0,0.3405097408749541,0.0,0,37.0
nk__hrv_nrem_rmssd,0.85159147,0.257275588182429,0.1371506917089281,,,0.0,146.0,0.4496788065643514,15.299654043628834,9,47.0
nk__hrv_nrem_sdsd,0.8511789,0.257275588182429,0.1645535801488548,,,0.0,212.0,0.3985305638220355,0.6650110185146332,2,51.0
nk__hrv_nrem_sd1,0.8503715,0.2568175044019889,0.1567367969367823,,,0.0,289.0,0.1524886623285567,0.0,0,55.0
nk__hrv_n2_rmssd,0.7815671,0.2961533647581353,0.112416930005485,,,0.0,215.0,0.2014209236438708,3.0375862635008066,6,68.0
nk__hrv_n2_sdsd,0.7811068,0.2961533647581353,0.2304874090342764,,,0.1915708812260594,208.0,0.0833268196067467,0.0,0,73.0
nk__hrv_n2_sd1,0.780965,0.2961533647581353,0.1490952818542825,,,0.0,236.0,0.1398496661506559,0.0,0,77.0
arch__trans_p_wake_n1,0.76366985,0.2810733179518069,0.5038597586268506,0.5665085538295529,0.4756094890125417,0.9578544061301798,5.0,1.255159654115835,50.72355147103538,30,19.0
periodic_limb_idx,0.7611926,0.2607070841969429,0.4604967740194413,0.1348829890070363,0.1475112075208257,0.0,12.0,1.0180322000690774,2.1005211245913276,18,11.0
rep__spindle_n2_amp_mean,0.7538196,0.2822492185256469,0.2625630812356769,0.1348829890070363,0.2466353945330703,0.0,48.0,0.2184900876078677,5.400700444199664,6,2.0
rep__eeg_n2_rel_theta,0.7479433,0.2713057689741767,0.6390051609259584,0.7823213362408111,0.2858694876536231,0.0,2.0,0.9339175504186814,32.29954106385389,36,23.0
rep__resp_tst_hours,0.7252539,0.2376631721508933,0.3151183066430231,0.2697659780140727,0.1691993454046916,0.0,58.0,0.2383285884873887,0.023147521585965135,12,28.0
rep__eeg_n2_abs_delta,0.7208522,0.2715420978057042,0.3401634263154887,0.1888361846098509,0.1386116091161259,0.0,21.0,0.2504759087701148,12.647914997610314,10,29.0
pct_r,0.71951264,0.3005330602847427,0.3338179222425473,0.3776723692197019,0.6619475287162837,0.0,71.0,0.4063117512381247,26.388119670082403,36,16.0
nk__hrv_wake_dfa_a2,0.6997804,0.2883112354700261,0.270104648284698,0.2023244835105546,0.1483804735489239,0.0,115.0,0.264539856025536,4.894802137175916,15,60.0
rep__eeg_n2_abs_theta,0.68726236,0.2624239135781133,0.4497150866385415,0.6474383472337747,0.1871943364141888,0.0,9.0,0.2771720519408279,67.43607456847803,30,49.0
waso_min,0.6854148,0.209871221516584,0.3866783910956631,0.2697659780140727,0.1323142094018555,0.0,19.0,0.5045458034640173,11.228291704885692,13,8.0
nk__hrv_sleep_dfa_a2,0.6800159,0.2738021521434951,0.1805360010646879,0.2023244835105546,0.3816428482209618,0.0,319.0,0.3736365243599744,0.1023512317010802,13,64.0
nk__hrv_n1_lf,0.6648153,0.2604868392833959,0.2744958461876337,0.3596879706854303,0.1353154490223978,0.0,118.0,0.3930500212102458,0.8289605712930435,8,42.0
arch__arousal_idx_rem,0.6552251,0.2625514785751726,0.1942863387166521,0.7013915428365893,0.4428922571604978,0.7662835249042378,88.0,0.6294933432245015,47.16135025220653,46,6.0
nk__hrv_wake_sd1,0.64166516,0.2941284747911036,0.2246791059712807,,,0.0,216.0,0.3966857970284281,2.2510999770020135e-05,1,89.0
nk__hrv_wake_rmssd,0.64125115,0.276712935541449,0.2162889879760896,0.1348829890070363,0.0864276927713664,0.3831417624521189,240.0,0.2186245053205713,0.025678808993323088,4,95.0
nk__hrv_wake_sdsd,0.64080524,0.2730687819513501,0.201134120179493,,,0.0,238.0,0.2521427343994772,0.0,0,99.0
prob_arous_mean,0.63869745,0.2855908316499437,0.2895986990889231,0.4046489670211092,0.2759541239585647,0.7662835249042378,49.0,0.5157145938844471,0.9236104157081061,18,27.0
rep__spindle_threshold_uv,0.62108636,0.2450791504115558,0.3757007428933445,0.1348829890070363,0.1146307465725884,0.0,26.0,0.3363669116708747,0.10201370952754019,7,33.0
nk__hrv_n1_sdnn,0.61684686,0.2666866054832494,0.1695847370584731,0.2697659780140727,0.1465000123798291,0.1915708812260594,252.0,0.2981802215399408,0.16126450554293115,6,103.0
nk__hrv_n1_cvnn,0.6056339,0.2157175254032622,0.2119703908824864,0.1798439853427151,0.2556134380761256,0.0,82.0,0.2762873048609224,20.234234587907835,10,84.0
rep__remd_threshold_uv,0.59209806,0.2948232163386811,0.8574154005872322,0.2697659780140727,0.2767781332952912,0.9578544061302972,1.0,0.4398515982556187,18.82337150325725,24,22.0
nk__hrv_sleep_sd1sd2,0.5885747,0.3164138102060502,0.2006087029775958,0.337207472517591,0.3474170774513194,0.3831417624521189,100.0,0.140390846507447,5.8967674520245055,6,98.0
rep__eeg_n1_abs_alpha,0.58757925,0.2499365161758115,0.2554389893559713,0.1348829890070363,0.1745639422669946,0.0,68.0,0.2003339327481363,0.11390683004535834,5,38.0
rep__spindle_n2_n_spindles,0.5784708,0.2252263830855106,0.2468713513268648,0.4383697142728683,0.416232605164095,0.7662835249042378,130.0,0.1302500830885994,11.705312070989748,16,32.0
pct_w,0.5757044,0.2694730869034107,0.2527583843669544,0.1348829890070363,0.2102817471561432,0.3831417624521189,98.0,0.1905610325538712,7.422723407749479,3,79.0
rep__eeg_n3_abs_beta,0.5753322,0.2690355039273666,0.3204190968592832,0.2697659780140727,0.1632302678676961,0.0,41.0,0.2461471286849259,13.899513963377103,6,57.0
rep__eeg_rem_abs_theta,0.5713147,0.2606262215601722,0.3591272414588042,0.1348829890070363,0.1304548577415045,0.0,72.0,0.2175140091318068,0.4221769303549081,2,44.0
nk__hrv_sleep_n_beats,0.5703496,0.3039192508718484,0.3094950712470923,0.4720904615246273,0.4449609293487988,0.0,56.0,0.9368674077420592,8.007229406413138,18,81.0
nk__hrv_nrem_dfa_a2,0.562025,0.2745941646310601,0.1162957703653537,0.1348829890070363,0.3367254061284162,0.0,259.0,0.1282596389444464,15.78589328554875,13,93.0
arch__n_arousals,0.5557763,0.2184580187984642,0.2974063468989822,0.2697659780140727,0.847164198087121,0.0,93.0,0.1608239692184813,5.200534533666996,6,50.0
sleep_efficiency,0.555643,0.271487198042927,0.2359684772282798,,,0.3831417624521189,173.0,0.45658029897442,0.019368300214409828,1,86.0
arch__trans_entropy_wake,0.55466366,0.2726865948652189,0.2310229382819207,0.2360452307623136,0.1448169891643632,0.5747126436781783,85.0,0.5859934038839806,9.571585928584682,8,56.0
nk__hrv_n2_sd1sd2,0.5485577,0.2602721374653114,0.2301262530289369,0.1348829890070363,0.1256604924007846,0.0,206.0,0.2079774157614358,10.255777309648693,3,109.0
nk__hrv_n1_sd1sd2,0.54582894,0.2549056149245984,0.2202359040521228,,,0.0,268.0,0.2582497435500758,0.9174939633906446,9,119.0
arousal_density,0.5456439,0.2836717725249569,0.2257509984338275,0.1798439853427151,0.1993258276521651,0.0,110.0,0.2345399530301302,0.15660204107967957,3,39.0
nk__hrv_sleep_hfn,0.5447446,0.3011040861650929,0.1643750011965341,0.1348829890070363,0.1317384640372227,0.0,317.0,0.2090955098147008,0.7582034123479389,6,112.0
nk__hrv_nrem_sd1sd2,0.5444805,0.2599432361378263,0.215771632234988,0.2023244835105546,0.1135801639601174,0.0,307.0,0.1188692465612714,3.536456750240177,6,115.0
prob_w_mean,0.5428355,0.2939979395031344,0.1778863345184701,0.1798439853427151,0.1568029559854225,0.0,134.0,0.240854891362438,0.04686207200393255,4,94.0
arch__trans_p_wake_wake,0.5418489,0.3072023451395811,0.2053289938046303,,,0.5747126436781783,143.0,0.3869499023805157,0.037562439546731476,5,43.0
micro__couple_n2_n_spindles,0.53295696,0.2175794735339456,0.2811189402414893,0.1348829890070363,0.1778149801949087,0.9578544061302972,55.0,0.1479987280079373,2.420380007528422e-10,1,48.0
nk__hrv_nrem_sdnn,0.53138816,0.2661528120250047,0.1653207147304072,,,0.0,295.0,0.0918377856151044,0.0011738500325009227,1,125.0
arch__arousal_idx_n1,0.5310945,0.2542728344420686,0.6266732404327106,0.5934851516309603,0.3363139699390227,0.7662835249042378,6.0,0.7432714300714024,45.91495873867066,43,3.0
arousal_idx,0.529397,0.2778586816960937,0.18235078914796,0.2023244835105546,0.6263663773064104,0.0,112.0,0.2236859290800504,0.005176649894565344,1,61.0
nk__hrv_rem_sd1,0.5271227,0.3104277387712108,0.1902564477087612,,,0.0,169.0,0.1464684588958988,0.0,0,122.0
rep__eeg_n2_abs_alpha,0.5267873,0.2818969227153246,0.3403028359668483,0.3596879706854303,0.1160367463284966,0.0,26.0,0.1875148119981592,4.2894059178070165,2,71.0
nk__hrv_rem_rmssd,0.5256201,0.3074649816094406,0.2232656329146512,0.1348829890070363,0.2463437034481866,0.1915708812260594,78.0,0.2374831214788096,0.5441101287033234,4,129.0
stage_entropy,0.5253078,0.2786750544567787,0.2156771543787314,0.1798439853427151,0.7901070177819707,0.0,141.0,0.2609424273108993,22.05442554453826,15,31.0
nk__hrv_rem_sdsd,0.5250905,0.3042066063742351,0.2078089029969471,,,0.0,107.0,0.2331878196551736,0.0,0,136.0
nk__hrv_sleep_sdnn,0.51791114,0.3216750124603337,0.1765431068240096,0.1348829890070363,0.1984778919841008,0.5747126436781783,169.0,0.1707086932884615,0.011225339956581593,2,139.0
rep__eeg_rem_n_epochs,0.51764953,0.1866297005576526,0.1693856305525433,0.1348829890070363,0.1897081243811393,0.0,152.0,0.1548405250307528,0.3494103024713695,4,52.0
rep__spindle_n2_density_per_min,0.51599026,0.2352747126217486,0.2464349048167153,0.3034867252658318,0.3119616741164943,0.7662835249042378,260.0,0.1698570249334658,15.575684478604106,8,21.0
hrv_rmssd,0.50925654,0.2638741349514427,0.1549974855005364,0.1348829890070363,0.0871910943147713,0.0,332.0,0.2264560477533858,1.061075926658574,6,132.0
micro__couple_nrem_n_spindles,0.5066936,0.2321832445829767,0.2576090280999359,0.485578760425331,0.3636254280193982,0.0,194.0,0.1542855257072246,47.81911966767535,23,63.0
micro__cap_time_min,0.50402516,0.2953046716227349,0.2250736493205624,0.3596879706854303,0.1252355884672494,0.0,139.0,0.3143066990434621,26.710685783009236,15,35.0
nk__hrv_rem_n_beats,0.4741467,0.2726000508714484,0.1794372507381312,0.1348829890070363,0.5607199307701901,0.1915708812260594,246.0,0.2013852549234873,4.169007734856387,9,75.0
rep__eeg_wake_abs_delta,0.47207642,0.2793406836417729,0.2240962034126336,0.2360452307623136,0.2875994753221204,0.0,121.0,0.2090348910284458,1.9245830922445748,12,67.0
rep__eeg_n1_abs_beta,0.47049177,0.2621948115517953,0.3593447503112233,0.6204617494323674,0.2823822485735856,0.0,77.0,0.2097101373958527,40.41939934282709,39,62.0
nk__hrv_n2_sdnn,0.4677314,0.2831319123363399,0.0918844230456977,,,0.1915708812260594,338.0,0.1303951682841213,0.0,0,170.0
nk__hrv_sleep_dfa_a1,0.45793262,0.2764749212769753,0.1127878451448008,0.1798439853427151,0.1940249286414439,0.0,324.0,0.05329439653047,1.1479363889084198,8,138.0
plmi,0.4557136,0.2867710866462485,0.3239744906241769,0.2360452307623136,0.1448241284729075,0.0,62.0,0.2848516989607217,11.930039277067408,14,25.0
nk__hrv_n3_sdsd,0.44909194,0.2722216298307832,0.2630492381306328,,,0.1915708812260594,53.0,0.4783229626699146,0.0,0,152.0
rep__eeg_n1_rel_theta,0.44863474,0.2769739210877148,0.6206817116447833,0.1348829890070363,0.2298133888952357,1.149425287356333,9.0,1.1197472667515804,1.2327499737551277,21,46.0
nk__hrv_n3_sd1,0.4484145,0.2853808889843354,0.2561254529226088,0.1348829890070363,0.1081912158020996,0.0,39.0,0.3779843217873226,0.0,0,156.0
nk__hrv_n3_rmssd,0.44740638,0.277502477771994,0.3677517567939276,0.2697659780140727,0.4706067755094816,0.0,43.0,0.3437784148471905,3.5979348384425975,9,161.0
nk__hrv_n3_sdnn,0.4434766,0.2763066733074065,0.4150274407327646,0.1798439853427151,0.6310632689616249,0.9578544061302972,50.0,0.3373426469876375,6.6030887793944,20,142.0
nk__hrv_nrem_cvnn,0.44233617,0.1891348843743436,0.2129101454900338,0.1348829890070363,0.4247854270577242,0.0,276.0,0.151931599938463,25.15948699155706,4,178.0
nk__hrv_n2_dfa_a1,0.43775457,0.2698834941176579,0.1902694817440229,0.2023244835105546,0.2033710010989729,0.3831417624521189,384.0,0.2860594272146175,7.50991705578781,7,144.0
nk__hrv_nrem_hfn,0.43685848,0.2782181691397532,0.1315483560164163,0.1348829890070363,0.2577857065676252,0.0,331.0,0.0997327881249,0.4982761171995662,6,166.0
nk__hrv_sleep_cvnn,0.43511432,0.187543818456613,0.1874103756548751,0.1348829890070363,0.0820107599605751,0.3831417624521189,169.0,0.307658420544829,0.00377992307767272,2,183.0
nk__hrv_wake_pnn50,0.43284887,0.2614954283776583,0.1725176862331949,0.2360452307623136,0.6513861247832481,0.0,183.0,0.317954078687399,6.769525527287179,10,149.0
nk__hrv_wake_sdnn,0.42680582,0.2447920937974425,0.2421593548096763,0.1348829890070363,0.1357132432663513,0.0,157.0,0.1303371264729334,0.5960582584942618,5,172.0
nk__hrv_n1_hfn,0.42403656,0.2606537156143859,0.0835615596337188,0.1348829890070363,0.1107006908920681,0.0,329.0,0.123512601384297,1.5868256352214554,6,175.0
nk__hrv_n1_pnn50,0.4186304,0.2595514755161485,0.2157461717762792,0.2697659780140727,0.1268808980315445,0.1915708812260594,94.0,0.2113022451369405,1.1808452715797984,10,158.0
nk__hrv_n2_dfa_a2,0.4182809,0.2575989029216172,0.2062798141584319,0.1348829890070363,0.1533286769240347,0.1915708812260594,398.0,0.0819493583968024,0.26175292641765474,9,163.0
nk__hrv_n3_sd2,0.41181594,0.2740493061337758,0.2766009559768209,0.224804981678394,0.5553312972283959,0.7662835249042378,111.0,0.4194947821275131,11.076221786766837,9,137.0
arch__arousal_iai_mean_s,0.39823657,0.2804640296642979,0.2199164485453768,0.1348829890070363,0.150470233548298,1.7241379310344178,72.0,0.1274526912627933,0.1722700372338295,7,20.0
nk__hrv_n2_cvnn,0.39715517,0.1921819090575915,0.1486381103960822,,,0.0,273.0,0.1468778724440449,0.011868618036474597,5,195.0
nk__hrv_nrem_dfa_a1,0.39660597,0.2816451517324078,0.1494949996963973,,,0.0,370.0,0.0703365689635726,0.0,0,180.0
nk__eegc_n1_n_epochs,0.39479086,0.0507091949382592,0.1258691162489624,,,0.0,403.0,0.0306879642082097,0.42890600860118866,2,69.0
rep__eeg_n1_abs_delta,0.39458293,0.2599948066384629,0.1463359391120837,0.1686037362587955,0.1520924071963986,0.0,385.0,0.1038317408242808,0.5367636575538199,8,104.0
nk__hrv_n2_hfn,0.39332396,0.2868543086470426,0.1367948372223739,,,0.0,377.0,0.1688402876977776,0.0007652519856328362,2,193.0
rep__eeg_n3_abs_theta,0.392299,0.2620178236510475,0.1516707132479827,0.2697659780140727,0.1317280073098269,0.0,265.0,0.0828972914062083,1.116651854953334,10,83.0
nk__hrv_n1_dfa_a2,0.3876162,0.2586097900693629,0.1217130371081602,0.2023244835105546,0.1464902143317194,0.0,340.0,0.227018911187684,0.6411672159687012,10,155.0
nk__hrv_wake_cvnn,0.36962673,0.1845327393250856,0.2348259068915819,0.224804981678394,0.2264838689429261,0.0,107.0,0.2451386938265593,0.24033420952036977,3,201.0
rep__eeg_n1_abs_sigma,0.36937642,0.221676847327417,0.2741160982945072,0.1798439853427151,0.0913039280727626,0.0,91.0,0.1680646717376854,12.82512548333034,9,96.0
nk__hrv_n1_dfa_a1,0.3616389,0.2672035415163357,0.1588468392573954,,,0.0,366.0,0.1286419672216583,2.3281645934516746,3,203.0
rep__spindle_n2_dur_mean,0.35406044,0.2130039466223086,0.2830552076936743,0.2023244835105546,0.119398932898812,0.0,96.0,0.4322925988518152,1.7001775490352884,9,54.0
rep__eeg_n3_abs_sigma,0.34645128,0.2580651224146681,0.3227741092244189,0.1348829890070363,0.182310517466951,0.0,126.0,0.1496350592428875,2.993629431555746,9,113.0
nk__hrv_wake_sd1sd2,0.346322,0.2315849061922446,0.1474806566022439,0.1798439853427151,0.3657374637773109,0.0,353.0,0.0942593858494749,0.1227008991450568,5,199.0
n_rem_bouts,0.3440388,0.0368291217926172,0.1338513148405189,0.1798439853427151,0.4151976572731254,0.0,286.0,0.0996764536523872,3.544593643929062,6,36.0
rep__eeg_n2_abs_sigma,0.33778733,0.2995658856433275,0.313868656683884,0.1348829890070363,0.1705132335894332,0.0,34.0,0.2399485379847223,0.7819258378143612,9,111.0
rep__eeg_n3_abs_alpha,0.33746246,0.2505256357995802,0.2147065027372664,0.2023244835105546,0.1485272582905361,0.0,151.0,0.1198399452615779,0.2487873495556414,5,116.0
arch__arousal_dur_max_s,0.3358406,0.0817204375751436,0.1649043345799611,0.2697659780140727,0.2774653093720431,0.7662835249042378,232.0,0.3183523931994669,20.43756963889626,27,82.0
arch__trans_p_n3_n2,0.3343258,0.2524666376993051,0.297459507895184,0.6474383472337747,0.294047113427229,0.1915708812260594,119.0,0.418909122898177,25.598583592655004,27,7.0
rep__eeg_n3_rel_theta,0.33382186,0.247281004335773,0.3606706589704091,0.2023244835105546,0.2725853513703052,0.0,57.0,0.3628162957850313,9.03709170492948,6,18.0
rep__eeg_n2_rel_sigma,0.33335137,0.2404562518090874,0.2342152261973164,,,0.1915708812260594,45.0,0.2876805777609399,0.3180054002441466,3,76.0
rep__remd_n_movements,0.327776,0.2531527296342895,0.1704065615985314,0.2360452307623136,0.3809917739684219,0.0,305.0,0.1911564712062766,0.09594559669494629,1,105.0
nk__hrv_wake_dfa_a1,0.32536924,0.2627414226201555,0.2082182559150291,0.1798439853427151,0.1448891215204408,0.0,290.0,0.2684910325325192,0.2360041365319887,4,186.0
rep__eeg_n3_abs_delta,0.31779107,0.2629322178043495,0.1845188270051977,0.1348829890070363,0.2620447702267947,0.0,396.0,0.1785702686789416,2.64423129324703,10,123.0
rep__eeg_ctr_n3_delta_abs,0.31779107,0.2629322178043495,0.1324064224346267,,,0.0,338.0,0.1125342375050673,0.0,0,131.0
nk__hrv_rem_dfa_a1,0.317025,0.2738071603233297,0.2006307504465089,0.1348829890070363,0.0853322331767592,0.0,204.0,0.1373630068784691,2.4164662116753663,11,208.0
nk__hrv_nrem_sd2,0.31327635,0.2717887034120397,0.1539894263875835,,,0.0,351.0,0.0996173382478429,3.9036864128429443,3,216.0
nk__hrv_n1_sd2,0.31201142,0.2708955277707077,0.1326641565189081,0.1348829890070363,0.1332613103988152,0.0,245.0,0.3399479672781568,12.27623379076249,8,213.0
rep__remd_rem_min,0.30953634,0.2129136401631306,0.1274013448822216,0.2023244835105546,0.1477435895729567,0.0,355.0,0.1249122047060684,1.0571614875810462,4,126.0
rep__eeg_rem_abs_alpha,0.30813536,0.2672792938080729,0.1601688021211919,0.224804981678394,0.1204860365654875,0.5747126436781783,66.0,0.1509726138645152,10.02194065853837,10,106.0
nk__hrv_rem_lf,0.3074657,0.2126827720231917,0.1697077824782293,0.3709282197693501,0.1710992156050886,0.1915708812260594,234.0,0.1157330615424682,0.006082722501673743,9,134.0
rep__eeg_wake_n_epochs,0.30745736,0.1426992072292506,0.0545712026604379,0.2023244835105546,0.1622624370712281,0.0,406.0,0.0553613261831308,0.24240000545978546,1,114.0
nk__eegc_n1_permen_mean,0.30582267,0.1810426744838016,0.1894803212756723,0.1348829890070363,0.131718410740087,0.0,234.0,0.1227220897816571,0.5541972148930654,7,72.0
nk__hrv_sleep_pnn50,0.30476856,0.2705524749288196,0.2502276209714186,,,0.0,117.0,0.1949471790106736,0.0014311400009319186,1,228.0
nk__hrv_rem_hfn,0.3045582,0.2697591274910265,0.1143328505992975,0.4046489670211092,0.1804932321654766,0.0,395.0,0.0740700143891535,0.0009695054906726508,4,223.0
nk__hrv_nrem_n_beats,0.3034066,0.2956829213178459,0.3430147350461993,0.2697659780140727,0.1163105996033962,0.3831417624521189,137.0,0.410792063303513,10.138843828993236,12,146.0
rem_fragmentation,0.29970384,0.1967028316182345,0.2912399181773512,0.1348829890070363,0.0843823866495517,0.0,78.0,0.3987989249268237,1.7007250564056449,5,78.0
arch__trans_p_rem_rem,0.29783532,0.2024706441952813,0.3358259774639572,,,0.9578544061302972,100.0,0.2269050785338834,16.755132978782058,3,59.0
nk__hrv_n3_lf,0.2966429,0.2083735615141975,0.1670271131148822,0.2697659780140727,0.1956647548944116,0.0,288.0,0.0888213777795964,3.456949358679439,14,160.0
nk__hrv_rem_sdnn,0.29415706,0.2593207367093347,0.3202391879486079,0.2023244835105546,0.1328611185622603,0.1915708812260594,42.0,0.1582972469510782,3.4724621318819118,6,236.0
nk__hrv_sleep_sd2,0.2915786,0.2662954195767353,0.1452885095700559,0.1798439853427151,0.1398286326999727,0.0,228.0,0.1585657845069594,18.68341079748143,11,231.0
nk__hrv_nrem_pnn50,0.28655207,0.2649251768714766,0.1801848687696199,,,0.0,131.0,0.2274569426582733,0.0005533120312701811,4,237.0
nk__hrv_rem_pnn50,0.28557035,0.2474488223430813,0.2582695177393101,0.1348829890070363,0.8832457892212242,0.7662835249042378,89.0,0.278205991706832,0.33740990981639296,5,218.0
slow_wave_density,0.28541523,0.2255406859673595,0.1698033864166978,,,0.0,352.0,0.1019046913664415,0.0,0,150.0
pct_n3,0.28541523,0.2255406859673595,0.1645451995813002,0.2023244835105546,0.1160257084134954,0.9578544061302972,301.0,0.1034624240279942,0.8554469916271046,6,141.0
nk__hrv_n3_cvnn,0.27979606,0.2181117486598641,0.1989151940265819,0.1348829890070363,0.1871232901815081,0.1915708812260594,148.0,0.2205813277601971,2.90080115229739,6,232.0
nk__hrv_rem_tp,0.27306178,0.2441625513825673,0.2129911959912822,0.2360452307623136,0.1559001391592415,0.0,186.0,0.2044601961247002,1.2612662367221708,15,189.0
nk__hrv_wake_sd2,0.26970658,0.2797975241198174,0.2382880954115208,0.3709282197693501,0.2351723663708199,0.0,204.0,0.2150191196392891,0.13053290161769837,9,229.0
nk__hrv_rem_dfa_a2,0.2694886,0.2781636123348967,0.201471662151655,0.1348829890070363,1.0385176351322225,0.9578544061302972,303.0,0.2969135308830463,3.9176725919605815,8,225.0
nk__hrv_wake_n_beats,0.26918226,0.2640271341457995,0.2636351683507638,0.1348829890070363,0.9081779982209413,0.0,160.0,0.1495175309900374,0.03419463927275501,5,147.0
nk__hrv_rem_hf,0.26764953,0.2444193181924484,0.1486597323939214,0.1348829890070363,0.1278097288149418,0.0,228.0,0.2482177470166582,1.7229892731171503,4,204.0
nk__hrv_n1_lfhf,0.26055965,0.2876368870328893,0.1505424674804808,0.2697659780140727,0.536391078195862,0.0,368.0,0.0799335657355887,0.27541281771846116,7,165.0
rep__eeg_rem_rel_theta,0.26009917,0.2828430399965532,0.337285530780203,0.224804981678394,0.4684399748309734,0.9578544061301798,24.0,0.3507922062762252,7.471563040289715,10,90.0
rep__central_apnea_dur_max_s,0.25932506,0.1312461723933362,0.3714347449930971,0.337207472517591,0.180763791269029,0.0,26.0,0.2792727317411379,0.9529444764484651,13,45.0
nk__hrv_n3_n_beats,0.25931314,0.237044927117574,0.2149009410845758,0.1798439853427151,0.1299971856758617,0.0,230.0,0.2559353502749272,0.1505777801403525,8,167.0
nk__hrv_n2_sd2,0.25682145,0.2732221857282417,0.1702349296306681,0.1348829890070363,0.3408048339977677,0.0,397.0,0.0773856130163976,0.40480767560438835,6,248.0
nk__eegc_wake_permen_sd,0.25597706,0.2282635292337147,0.1954133267305097,0.5395319560281455,0.2000006004105016,0.0,181.0,0.270519479206543,3.9190564504166665,19,80.0
nk__hrv_rem_sd1sd2,0.25363556,0.2785174880279895,0.1872332199403615,0.1348829890070363,0.1155630458836145,0.0,209.0,0.1407966872579204,0.12335822163510107,4,233.0
rep__spindle_n3_minutes,0.25307822,0.164363041416916,0.2946631352635603,0.1348829890070363,0.22170719340308,0.0,124.0,0.2334733904495404,32.72896013691549,7,133.0
nk__eegc_rem_permen_mean,0.25083065,0.2301104663868488,0.2143238013998923,0.1348829890070363,0.1272869110431548,0.0,294.0,0.1458666799568661,0.5759346212490004,6,85.0
arch__trans_p_n3_n3,0.24927221,0.2586581687564031,0.2634426876552228,0.1348829890070363,1.3379119448198336,0.0,104.0,0.2213532808476699,0.0,0,74.0
hrv_sdnn,0.24869893,0.279631259148329,0.1509380438044602,0.1348829890070363,0.1202306983778613,0.0,263.0,0.1002639067037549,0.007546325038831014,5,247.0
nk__hrv_rem_cvnn,0.24727832,0.1930726550808731,0.1176309969534402,0.2360452307623136,0.6706973871566357,0.0,274.0,0.1825266793511762,19.431465552158294,18,254.0
nk__hrv_n2_pnn50,0.24227588,0.28375158272904,0.2383859264687377,0.1348829890070363,0.1934601134783761,0.0,133.0,0.2046856526307016,0.4681168122915551,6,259.0
nk__hrv_n3_tp,0.24224564,0.224532343823926,0.0849331853799141,0.2697659780140727,0.1344897751643695,0.0,317.0,0.0666064286980757,0.40045980982036616,8,222.0
arch__trans_p_n1_n1,0.24198435,0.234528598841906,0.2379556987796295,0.5395319560281455,0.1554336984449757,0.0,166.0,0.184285128495335,0.7280305511796137,8,102.0
micro__cap_a3_index,0.24066395,0.2657368263711551,0.4776911380712959,0.5934851516309603,0.3475322353582976,0.0,14.0,0.4323426955260121,25.877270143198984,37,128.0
micro__cap_a1_pct,0.23352215,0.2537432481479162,0.3972708694488651,0.2158127824112582,0.251766708269979,0.3831417624521189,18.0,0.8402216030954731,8.498743340198416,12,118.0
micro__cap_rate,0.23331869,0.2802847520837185,0.243082507118802,0.2023244835105546,0.355064199828245,0.0,277.0,0.2241388935991508,2.9563926147554973,8,97.0
nk__eegc_n3_n_epochs,0.22641253,0.0477038489868252,0.038301529067385,0.1348829890070363,1.113133425995421,0.0,405.0,0.082811228670737,0.0014927700394764543,1,101.0
nk__rsp_rem_rate_sd,0.22605255,0.2903750812384714,0.5233534210881996,0.6474383472337747,0.2470549227137309,0.0,7.0,0.3820880644928717,3.61621178826681,23,41.0
rep__eeg_n3_n_epochs,0.21737668,0.1522524948621131,0.1930154976293339,0.1348829890070363,0.3011363288694393,0.0,357.0,0.1316682369015543,8.484007830615155,4,179.0
micro__couple_nrem_modulation,0.21534677,0.2704288783893513,0.2417493795606069,0.1348829890070363,0.1474509685879044,0.0,92.0,0.1005731883846604,6.324276170268514,13,70.0
rep__eeg_n1_rel_sigma,0.20809679,0.253403952852298,0.3446806345281603,0.1348829890070363,0.116299340837105,0.5747126436781783,28.0,0.2081466929070404,6.929950024142646,24,127.0
nk__hrv_n2_sampen,0.20726815,0.249742994241036,0.1651302661199001,0.2427893802126655,0.2096755061804316,0.0,346.0,0.1059939026303537,4.982443814785372,14,151.0
nk__hrv_wake_hfn,0.20628291,0.2741063122236838,0.2416574776269485,0.3506957714182946,0.1629141334269808,0.0,237.0,0.1853121999018873,23.66528958286787,32,255.0
arch__trans_entropy_n3,0.20418374,0.2248055514422464,0.3169221297987679,0.224804981678394,0.3448589577336983,0.0,105.0,0.2014320382933647,3.0707589131469604,9,65.0
micro__cap_a3_pct,0.20382865,0.2745313795193428,0.3078034816969885,0.5058112087763865,0.2831464251887811,0.0,29.0,0.4064385025631064,7.45236044810008,17,154.0
nk__hrv_n3_hf,0.19305502,0.2603083317374358,0.094467340446725,0.1348829890070363,0.1319777087525978,0.0,400.0,0.038850922400121,0.05880695476513775,6,250.0
micro__couple_n2_modulation,0.18291406,0.272018812879529,0.1911127652866695,0.4046489670211092,0.232359139390781,0.5747126436781783,159.0,0.0865846182786165,3.763508812861791,17,108.0
rep__spindle_n3_density_per_min,0.18270886,0.2224412461384348,0.1654184000175432,0.337207472517591,0.2024647227194144,0.0,218.0,0.3328241958641881,12.383827075347654,20,100.0
rep__central_apnea_dur_mean_s,0.18221876,0.2340274356448116,0.310496312285873,0.224804981678394,0.3786936760356093,0.0,53.0,0.336720011447892,20.976503704790957,13,87.0
rep__eeg_n1_rel_alpha,0.17426634,0.2700613197041724,0.4766601738218508,0.7755771867904593,0.6075707887467646,0.0,1.0,0.5309582118992779,76.56704841938335,30,135.0
arch__trans_p_n2_rem,0.16988096,0.2007077394383938,0.1607076986867065,0.3506957714182946,0.1493111669223589,0.0,201.0,0.1837124350854731,16.50345110012131,17,121.0
rep__eeg_n2_abs_beta,0.1672451,0.2790213242525928,0.2640727572697746,0.1348829890070363,0.099534338079605,0.0,34.0,0.225378732470417,0.04325103850334271,5,182.0
arch__trans_p_n1_wake,0.16481207,0.2346701510804096,0.2032253335768013,0.2697659780140727,0.1409510191037949,0.0,149.0,0.2472738620451348,2.9410770148371306,13,176.0
eth_not_hispanic,0.16116886,0.0075222765391395,0.0060712515534038,,,0.0,420.0,0.0088026117417601,0.0,0,40.0
prob_n3_mean,0.16012025,0.249584009945581,0.2120132953003003,0.2023244835105546,0.1608397456072937,0.0,270.0,0.1017008841775079,0.07234339268116491,5,238.0
arch__arousal_dur_mean_s,0.1595399,0.2096743184361569,0.1839111738458864,0.4046489670211092,0.3591470288074631,0.0,346.0,0.1029949646228769,1.5357890425792746,12,185.0
rep__eeg_wake_abs_theta,0.15581918,0.3000018342659306,0.1324227417744413,0.2023244835105546,0.1480691429724796,0.0,360.0,0.1387576902140934,8.20144784720469,10,162.0
arch__arousal_dur_median_s,0.15350005,0.0755281846215865,0.0912816861163045,0.3596879706854303,0.3014528916841655,0.0,348.0,0.1311915687333954,4.915738538170157,12,173.0
nk__eegc_rem_n_epochs,0.15160446,0.0383495312988738,0.0885236253478721,,,0.0,343.0,0.0770697900877999,0.0,0,157.0
rep__spindle_n3_n_spindles,0.14933851,0.1008205425398674,0.133565303114367,0.1686037362587955,0.6064793323723833,0.0,335.0,0.0938478801466325,4.226683390734252,10,190.0
arch__arousal_idx_n2,0.1476721,0.2478525090014579,0.2088350150658008,0.449609963356788,0.1481091457278988,0.0,223.0,0.1526869543486813,3.1009429614012585,6,217.0
nk__rsp_rem_rrv_cv,0.14660311,0.2820939155127226,0.3438046833337563,0.1348829890070363,0.55520223328433,0.0,20.0,0.2542015240219425,0.5468619912862778,2,13.0
nk__hrv_n3_pnn50,0.14551309,0.235681967714959,0.2521435244262795,0.1348829890070363,0.3543946717068593,0.0,173.0,0.1126543786717324,0.035140263105898864,12,282.0
bmi,0.14532144,0.301613547330863,1.4105827358374734,2.373940606523841,0.7367278406169765,15.900383141761996,1.0,4.29293248382656,239.986805191046,240,92.0
isolated_limb_idx,0.14422867,0.2727371230316688,0.2917649766271374,0.4316255648225165,0.1456986777288136,0.5747126436781783,203.0,0.528367259770198,22.495677511832476,26,91.0
nk__rsp_n3_rate_mean,0.14339964,0.2485977639111882,0.326354213966618,0.2360452307623136,0.3576340021916509,0.7662835249042378,192.0,0.2130631542426588,18.183625240344554,25,66.0
nk__hrv_sleep_lfn,0.1424,0.2759979052132403,0.1396066875501973,0.3034867252658318,0.2395906800833615,0.5747126436781783,317.0,0.1203495186988606,25.796571307408158,13,124.0
nk__hrv_n3_lfn,0.14045678,0.2468952569783512,0.137733297359061,0.4316255648225165,0.3449699605367564,0.0,304.0,0.113604624093491,3.4412401702575153,27,148.0
nk__hrv_rem_lfhf,0.13894926,0.2750336265824042,0.1847559360138781,0.1348829890070363,0.5697911208632996,0.0,368.0,0.1362144270890295,16.185384208225972,9,258.0
rep__eeg_rem_abs_sigma,0.13777417,0.2644452831488538,0.1909816614143887,0.1348829890070363,0.5147234960651895,0.5747126436781783,166.0,0.0644001597994758,0.041447932249866426,3,194.0
micro__couple_n3_preferred_phase_cos,0.13696422,0.2162439944277836,0.0703309721077682,0.1348829890070363,0.4661294022873992,0.0,400.0,0.0779828191680396,3.8071086810086854,17,53.0
pct_n1,0.13587308,0.2826428207475804,0.1843067844198854,0.1348829890070363,0.1259151843077936,0.0,103.0,0.2921961494757344,19.220921688195617,15,198.0
nk__hrv_rem_sd2,0.13467002,0.2446037780351616,0.1679284651900567,0.2697659780140727,0.32149230231065,0.0,274.0,0.0848460293616358,0.8407984541814439,4,288.0
micro__cap_a_index,0.13336462,0.2331318868196795,0.2281125592587568,0.1348829890070363,0.0860583798197431,0.0,257.0,0.2550846793402191,0.4035378123517148,3,145.0
rep__eeg_n2_rel_alpha,0.13297117,0.2474883427562171,0.2333601569933529,0.1798439853427151,0.5017770136623217,0.0,123.0,0.0948246316512379,3.1913277416169876,10,184.0
rep__eeg_n3_theta_alpha,0.13205998,0.2657027388784534,0.2195111106805878,0.2697659780140727,0.1585290800737027,0.0,226.0,0.3180514309675882,38.213892462602985,23,143.0
arch__trans_p_rem_n2,0.13061988,0.1889595902972998,0.1335425217734757,0.2360452307623136,0.1117047320011011,0.0,346.0,0.1356482595987176,0.0013901020849815815,3,164.0
nk__hrv_n3_hr_mean,0.13025069,0.2734016570293277,0.2628736531384366,0.3596879706854303,0.1609605396391936,0.0,135.0,0.33244125677145,0.1438396038574865,5,187.0
micro__rswa_rem_rms_cv,0.12901698,0.2567357315932704,0.4635987571738826,0.6204617494323674,0.3490896842350635,1.5325670498084052,81.0,0.3437740877497904,13.395396400089451,30,58.0
nk__hrv_n3_dfa_a2,0.12767412,0.2519176472694439,0.2036423681253036,0.1348829890070363,0.292032488431577,0.0,330.0,0.1900001962461114,3.103964189067483,7,281.0
arch__arousal_iai_cv,0.1256985,0.2563694936566729,0.2439619857404136,0.2427893802126655,0.1851240810708509,0.0,69.0,0.2910024279826015,12.700034222056274,22,200.0
rep__ahi,0.12452561,0.2468226807235665,0.304497591250468,0.2023244835105546,0.135113148465804,1.7241379310344178,51.0,0.2493691149028826,0.1267972034838749,7,243.0
nk__hrv_nrem_lfn,0.12402956,0.2568492471180778,0.1567836388431673,1.0453431648045322,0.2800895201943132,0.0,267.0,0.2101102754926691,31.37974078631305,63,197.0
rep__rdi,0.12383858,0.2582614459092185,0.3367035695357876,,,0.9578544061301798,58.0,0.1552126065284689,4.314386504855065,10,252.0
nk__hrv_n1_n_beats,0.12174042,0.2530143664475755,0.2116721956046676,0.1348829890070363,0.4979873109139142,0.0,265.0,0.2500498831738987,4.281686026761308,9,214.0
nk__hrv_wake_hf,0.12132434,0.2135943045309818,0.2353162796986817,0.1348829890070363,0.4390601943597438,0.0,163.0,0.1423180935136842,3.1948743231478147,8,269.0
arch__arousal_dur_sd_s,0.11973981,0.1999999225637299,0.4535990225536825,0.1348829890070363,0.1967590714867281,0.0,31.0,0.2737679047929438,1.9699989700010292,8,205.0
nk__eegc_n2_permen_mean,0.11962102,0.2279300296638702,0.1705610441866367,0.1348829890070363,0.0787582946359022,0.3831417624521189,307.0,0.0308945658977207,0.23397766397101805,12,211.0
rep__eeg_n3_rel_beta,0.11945661,0.1700131923470461,0.1658728541469446,0.224804981678394,0.187587335162973,0.0,186.0,0.3793063102864357,1.532918088894803,9,177.0
nk__eegc_wake_permen_mean,0.11915943,0.2343397226213337,0.2178061733592415,0.2697659780140727,0.2916087422237516,0.0,244.0,0.1113185210659032,1.7612542800458186,17,181.0
rep__event_dur_mean_s,0.11869563,0.2418202581396646,0.2857027874633139,0.2427893802126655,0.2861923062167502,0.0,61.0,0.2799792566092195,0.7519360240839887,13,153.0
arch__trans_p_n1_n2,0.114642315,0.2299450695420311,0.2031267053594231,0.2023244835105546,0.1676137614684247,0.0,128.0,0.1703964159654085,0.27302023331928277,7,188.0
nk__eegc_n1_sampen_mean,0.109541245,0.261413511068056,0.3008376660850487,0.2697659780140727,0.1266723121247278,0.0,179.0,0.1002327478955057,0.33657723950454965,5,239.0
rep__n_hypopnea,0.107032634,0.2124533257676244,0.1392964826372157,0.1348829890070363,0.1159882334367012,0.7662835249042378,186.0,0.1012080058573342,2.4271848483710983,10,227.0
arch__trans_p_rem_wake,0.10440798,0.217528691992791,0.2390807377775479,0.2427893802126655,0.2254444091763384,0.0,195.0,0.1767001972889083,3.8471200298517942,15,210.0
nk__hrv_wake_lfhf,0.10438913,0.2722862992946899,0.3296989688414588,0.2697659780140727,0.1421062464819047,0.0,116.0,0.1459444642658884,1.00970990928881,10,265.0
nk__hrv_n2_hf,0.1027535,0.2016550558622843,0.1231776197951417,0.1348829890070363,0.1344860214673556,0.0,379.0,0.136705099794607,0.44323458879853206,5,280.0
nk__rsp_n1_rate_mean,0.10145559,0.2472043979937873,0.2661956109519426,0.4046489670211092,0.2938526447998218,0.0,177.0,0.1879936636544787,21.29714503379364,15,130.0
arch__trans_p_n1_rem,0.10138206,0.2060538496563153,0.1399133752107654,0.337207472517591,0.1842480109632191,0.0,389.0,0.1093899341833931,3.9346097326779272,7,220.0
nk__hrv_nrem_sampen,0.10026728,0.2556796562928465,0.1284426834424891,0.3034867252658318,0.4067481255905561,0.0,284.0,0.0787523926479364,0.15589617034129333,9,260.0
n3_mean_bout_min,0.09964595,0.2620692441532127,0.3328386673501508,0.2697659780140727,0.1057222564624765,0.1915708812260594,152.0,0.1914098449074542,0.05460562666394253,4,206.0
nk__hrv_sleep_lfhf,0.09930109,0.2741163295786162,0.1491036814758487,0.1798439853427151,0.1540897552668517,0.0,292.0,0.1522176651468355,0.0054625536540697794,2,286.0
rep__eeg_wake_abs_alpha,0.09830536,0.2598401411671435,0.1736416758979133,0.3034867252658318,0.201969850772444,0.0,336.0,0.0822653844378592,0.05529151852903247,4,221.0
rep__eeg_rem_theta_alpha,0.0966031,0.2763630286461523,0.273253817496378,0.2967425758154801,0.3565080558200165,0.7662835249042378,255.0,0.165502342141622,11.761938516032373,22,192.0
rep__eeg_n1_n_epochs,0.093449965,0.1500980723986775,0.1920440468589072,0.2697659780140727,0.1910504817695091,0.0,180.0,0.2633765152259849,6.830207639693981,9,249.0
arch__trans_p_n3_n1,0.092693396,0.0094554212069139,0.0,,,0.0,426.0,0.003016479702676,0.0004523149982560426,1,107.0
nk__hrv_rem_nrem_rmssd_ratio,0.090135194,0.2825726225958099,0.2974360382394297,0.2697659780140727,0.2645226752060396,0.0,176.0,0.1589983224692978,1.4205315988510847,7,110.0
micro__rswa_phasic_per_min,0.08961552,0.2756016331280678,0.4976718353013774,0.4586021626239238,0.4702145225406327,2.490421455938656,47.0,0.7995311709298881,28.951849154794854,26,88.0
rep__eeg_wake_rel_sigma,0.08912092,0.233674759844824,0.1739507926457397,,,0.0,190.0,0.1444106063389551,0.5812019985751249,8,235.0
micro__cap_a2_pct,0.08718694,0.0937458558274025,0.1410731980783031,0.4046489670211092,0.1572860298240039,0.0,385.0,0.1341065244348036,9.627211953204096,23,219.0
rem_latency_min,0.08628322,0.2127233284826415,0.2400896469952087,0.1348829890070363,0.3325732623906313,0.3831417624521189,149.0,0.1994118775418431,7.27940655817909,10,212.0
arch__trans_p_rem_n1,0.08588422,0.1986583003053649,0.1826774734632836,0.3034867252658318,0.1137440611895821,0.0,189.0,0.2255904735030851,12.19542877486384,16,168.0
sex_m,0.085072406,0.0032624813037813,0.0273828368208251,,,0.0,417.0,0.0111964948610739,0.0,0,241.0
sex_f,0.085069984,0.0032624813037813,0.0220548461825165,,,0.0,414.0,0.020770856958003,0.0,0,245.0
nk__hrv_sleep_sampen,0.084592365,0.285575638852663,0.1541521852052567,0.224804981678394,0.1881986484341375,0.3831417624521189,320.0,0.1144269112730275,0.04692709818482399,1,273.0
nk__hrv_stage_hr_range,0.08426987,0.2755348482858747,0.2686124596060794,0.3776723692197019,0.1680953474667364,0.0,234.0,0.2117749298206273,3.0864297917434023,18,242.0
spo2_frac_lt90,0.083700776,0.2495694692781497,0.2351365570975889,0.1798439853427151,0.3475322285390296,0.0,175.0,0.1290443294054361,3.363382848263427,7,117.0
eth_unavail,0.0829466,0.0039628240320071,0.0092715657234021,,,0.0,419.0,0.0,0.0,0,120.0
nk__hrv_n2_tp,0.082093365,0.2181588754770707,0.1580673946454676,0.1348829890070363,0.195083864857096,0.0,378.0,0.1113804981645511,0.08691385050769895,3,293.0
arch__trans_entropy_rem,0.0819545,0.2274681415687341,0.2492488251406059,0.2360452307623136,0.273591189511414,1.9157088122604773,100.0,0.4274372042855338,15.194011921965565,10,253.0
rep__t90_pct,0.079295985,0.2453866589604125,0.1884262185794932,0.2697659780140727,0.150012373952788,0.0,164.0,0.1320093311739537,1.1170848791080061,5,159.0
nk__hrv_n2_n_beats,0.079189055,0.2507429502108542,0.1458115871044821,0.1348829890070363,0.250292942969185,0.5747126436781783,361.0,0.128054727538911,0.0,0,289.0
nk__hrv_n2_lfhf,0.078479715,0.2770406223026997,0.1516673004163822,0.2023244835105546,0.0912436271464967,0.0,359.0,0.0759768994695522,0.34365347534185275,3,305.0
rep__eeg_rem_abs_beta,0.0778672,0.2951714453856424,0.234323682800139,0.2158127824112582,0.2086509644922819,0.0,121.0,0.097815425215117,1.8029590492884273,8,251.0
hyp_idx,0.07636096,0.2671032127070707,0.2890353082492053,0.1348829890070363,0.2338045545151686,0.9578544061301798,83.0,0.1451396012345231,1.0366588921443654,12,267.0
nk__hrv_nrem_hf,0.07416115,0.2284002304045994,0.0996898320803551,,,0.5747126436781783,337.0,0.1171389684609114,5.325157195833858,13,302.0
nk__eegc_n2_sampen_mean,0.07411565,0.2550917586016115,0.2715020659497373,0.2023244835105546,0.2019342239722348,0.0,125.0,0.1793169077376439,7.0334858894558465,13,277.0
rep__eeg_wake_rel_delta,0.073583886,0.2458966984553539,0.2461130273016059,0.1686037362587955,0.1975987015964533,0.0,83.0,0.2749528086739667,5.854199169552885,14,263.0
nk__rsp_n2_rate_sd,0.07253951,0.2549502894027798,0.3019065126819117,0.3147269743497516,0.2305203207010693,0.3831417624521189,76.0,0.1643265844342724,4.663438022660557,5,207.0
arch__trans_entropy_rate,0.07063463,0.260603577493352,0.1498647178990532,0.3147269743497516,0.1401269105777172,0.0,186.0,0.0856345010124446,1.9770732225006213,3,262.0
rep__eeg_n3_rel_sigma,0.06971828,0.1762082531739155,0.1201274693368555,0.1348829890070363,0.2835739243187035,0.0,333.0,0.09475069933311,0.8597526331286645,8,270.0
rep__obstructive_apnea_dur_max_s,0.06938531,0.1072863258387676,0.2712283929259868,0.224804981678394,0.4967554473632436,0.0,242.0,0.2289812905507421,7.468656878823932,8,226.0
rep__obstructive_apnea_dur_mean_s,0.06920236,0.2289006089114092,0.2769825331189549,0.1348829890070363,0.1860774686579004,0.0,65.0,0.2176421210218466,0.09583514922996983,4,202.0
eth_hispanic,0.068230174,0.0032095579136727,0.0047288025694769,,,0.0,426.0,0.0090466500232449,0.0,0,171.0
rep__spindle_n3_amp_mean,0.06762145,0.2437195075261503,0.293071542305895,0.1348829890070363,0.1717044853000742,0.9578544061302972,144.0,0.1618470377936692,0.6373417449067347,3,209.0
nk__hrv_nrem_lfhf,0.06733981,0.2508171607897306,0.141258449383787,0.2023244835105546,0.2115730692985103,0.0,296.0,0.0716631029354355,0.0028362168959574774,2,314.0
nk__hrv_nrem_tp,0.067072675,0.2612082820347438,0.1291963709517323,0.1348829890070363,0.1490666329348248,0.0,350.0,0.1050152242574539,0.8011434914906238,3,306.0
nk__rsp_rem_rate_mean,0.06701436,0.2638405322489877,0.2996376145172132,0.2023244835105546,0.1456046889991734,0.0,87.0,0.2640400115177682,0.24467973827995593,3,196.0
nk__hrv_wake_hr_mean,0.06564415,0.2604495434301739,0.2714708358974144,0.1348829890070363,0.113773564597181,0.0,198.0,0.2945876480808598,0.01895699280385088,2,271.0
nk__hrv_sleep_hf,0.06491261,0.2338998810869837,0.2079202955656916,0.4046489670211092,0.2646758669598134,0.1915708812260594,171.0,0.4176711863140829,4.025832673969471,18,313.0
spo2_mean,0.06467869,0.2367218940093412,0.2681552016515014,0.2697659780140727,0.511458632071602,0.3831417624521189,249.0,0.2880047797000867,3.347658915707143,11,191.0
nk__rsp_n1_rate_sd,0.062413894,0.2566838199908916,0.4667269348817872,,,0.7662835249042378,11.0,0.3578527405501583,4.9545110166072845,4,246.0
nk__hrv_rem_nrem_hr_delta,0.060839146,0.2809671160198677,0.2299671460344929,0.5395319560281455,0.1398554696188382,0.0,156.0,0.254752950093883,4.02293811456185,11,174.0
arch__trans_p_wake_rem,0.060226362,0.1391388977763134,0.0294974858380326,0.1348829890070363,0.2128572544570835,0.0,408.0,0.0629225776134491,0.05508439987897873,1,244.0
nk__hrv_sleep_tp,0.060035177,0.2244785751999723,0.1475232807428065,0.1686037362587955,0.384084389454114,0.0,321.0,0.0649602617553262,3.9434866139199585,3,317.0
micro__couple_nrem_preferred_phase_sin,0.059705075,0.2473475987852224,0.1716339459780709,0.6069734505316637,0.2624835110748386,0.1915708812260594,355.0,0.1374692907090496,6.523854562218304,21,140.0
arch__trans_entropy_n1,0.05909211,0.2732707872578571,0.2585793136211115,0.485578760425331,0.1469118571053634,0.0,200.0,0.1633487430378216,2.435060356219765,18,234.0
nk__hrv_stage_rmssd_cv,0.05895447,0.2788699911704333,0.3534851864121521,0.1348829890070363,0.734158700032524,0.0,64.0,0.2936839012191883,1.4920653498909124,10,324.0
nk__hrv_n3_sampen,0.05869732,0.27316365358833,0.1434546507089767,0.3147269743497516,0.2484013214482334,0.0,363.0,0.0856648489657666,5.265499376161991,42,287.0
micro__cap_n_sequences,0.05803852,0.1164404159487281,0.1890296319200708,0.2697659780140727,0.4035429340657039,0.0,161.0,0.2166479912127297,10.994558016507654,8,283.0
nk__eegc_rem_sampen_sd,0.057998974,0.2690309036200378,0.4065576619799236,0.2360452307623136,0.1807245773789196,0.0,39.0,0.3766516413727475,1.7958875347103458,9,215.0
arch__trans_p_wake_n2,0.057919655,0.1794169174097905,0.1437955149630194,0.3147269743497516,0.1429869828285825,0.0,248.0,0.0755643826547435,2.1315155530914454,13,268.0
rep__event_dur_median_s,0.056320243,0.0370827148330429,0.23418330277407,,,0.0,211.0,0.0800388198337056,0.0,0,275.0
rep__spindle_n2_minutes,0.055650506,0.2119581704138379,0.1877784712299678,0.2360452307623136,0.1253330071336614,0.0,225.0,0.142179568247173,1.7230050169174007,10,297.0
nk__hrv_rem_lfn,0.053998362,0.2356616602419832,0.1560549739833717,0.2697659780140727,0.229485893554194,0.0,217.0,0.069889192487076,4.1039335314999335,11,274.0
nk__hrv_wake_tp,0.052247662,0.228824075756103,0.1809636018764513,0.1348829890070363,0.0968772971318827,0.0,223.0,0.1946146427747259,8.002351214599912,5,325.0
nk__rsp_n2_rate_mean,0.05199465,0.220290674927243,0.2872113873571878,0.1348829890070363,0.146681127485832,0.0,257.0,0.191324176427212,0.11072565670474432,3,240.0
nk__hrv_n2_lf,0.05165919,0.1883120833762633,0.1124122905906895,0.1348829890070363,0.1342382123714278,0.0,326.0,0.0696875744647235,5.601784560720262,4,322.0
rep__eeg_wake_abs_sigma,0.05155038,0.2529787534040244,0.1462139431927153,0.3034867252658318,0.2059774485032726,0.0,393.0,0.0863458425174682,4.517937544093002,9,278.0
arch__arousal_iai_median_s,0.05105349,0.2128678389340524,0.2422083895585986,0.2023244835105546,0.247660018982335,0.5747126436781783,121.0,0.3030328785759782,2.673336704411984,10,261.0
nk__rsp_n2_rrv_cv,0.049289495,0.2455011070355982,0.2690205070307438,0.224804981678394,0.143636648282367,0.7662835249042378,44.0,0.1647313652616266,3.7413784571690485,10,272.0
rep__eeg_wake_theta_alpha,0.047691368,0.2639467353980297,0.1307720713869495,0.1348829890070363,0.1053549877413906,0.0,387.0,0.0908059339138143,4.655301353589485,10,279.0
nk__hrv_sleep_hr_mean,0.046866026,0.2515482652866341,0.257698217589497,0.1348829890070363,0.1114648549536113,0.0,177.0,0.1960869444722971,0.005176575512450654,3,296.0
nk__hrv_n3_wake_rmssd_ratio,0.046810586,0.2602825714861763,0.3041609062370952,0.1348829890070363,0.4020006597648391,0.0,74.0,0.2537208499917663,9.72747324901502,6,328.0
nk__hrv_nrem_hr_mean,0.04648636,0.2645664331124022,0.194858148288708,0.2697659780140727,0.1072121673099311,0.0,301.0,0.1742862786324828,0.012413530144840479,2,300.0
micro__couple_n3_modulation,0.04622801,0.1903037667444312,0.0679452021563555,,,0.0,410.0,0.1031992077321869,0.11554128932766616,2,256.0
nk__hrv_nrem_lf,0.046153467,0.2027552291312912,0.1219921278360778,0.2697659780140727,0.2061092541030023,0.3831417624521189,312.0,0.1876616289456162,0.6798344038183473,11,330.0
nk__hrv_n3_hfn,0.04489231,0.2557909335817176,0.0868903717115288,0.2697659780140727,0.1594427426355166,0.7662835249042378,307.0,0.0983388699919583,2.646879625761753,10,349.0
rep__t90_min,0.044099055,0.1952150700819346,0.1799336847626045,0.1686037362587955,0.114971527087372,0.0,253.0,0.121473609736766,0.0023421899823006243,2,264.0
rep__n_obstructive_apnea,0.04311529,0.1707274909629658,0.323978803069141,0.3709282197693501,0.7592791983180444,0.0,102.0,0.2102306367605306,22.362755939015187,15,291.0
transitions_per_hr,0.04304882,0.2873988143503028,0.1972405647210178,0.2360452307623136,0.202574897291389,0.1915708812260594,254.0,0.0840204448425952,9.002611799985214,7,304.0
rep__eeg_n2_n_epochs,0.0428232,0.0457620229367553,0.0365301398020635,,,0.0,407.0,0.0261321701687709,0.0,0,266.0
arch__trans_stability_index,0.04203278,0.2707741750257593,0.1846649407556597,,,0.0,255.0,0.0934369530559652,2.9910301176132634,7,308.0
nk__hrv_n3_sd1sd2,0.04119323,0.2701717222372066,0.1851568468803,0.2697659780140727,0.358812776191863,0.0,311.0,0.0811367792528674,0.16477816848009752,8,353.0
nk__eegc_n3_wake_sampen_ratio,0.040168323,0.2473826428411054,0.2149772910473565,0.1348829890070363,0.2426210155052622,0.0,358.0,0.0984963881423032,1.1563041233457625,7,284.0
nk__rsp_wake_rate_mean,0.039505567,0.2329374534751359,0.4029384605832057,0.1686037362587955,0.291345738559069,0.9578544061302972,21.0,0.2716216456947356,1.5197329509719566,12,276.0
n3_latency_min,0.038981725,0.2179385006684708,0.2295700716393914,0.1686037362587955,0.2168076470542908,0.9578544061302972,202.0,0.2107537641972181,3.42121635976946,6,312.0
rep__eeg_n3_rel_alpha,0.038919535,0.2327037475296559,0.1592144484717902,0.4046489670211092,0.171159912513843,0.0,381.0,0.1764873657996234,0.18589510916353902,6,301.0
race_asian,0.038853202,0.0012424084540132,0.0479766846671514,,,0.0,411.0,0.017769186488257,0.0,0,169.0
arch__trans_p_n2_wake,0.03781547,0.2414610611377367,0.178289772273607,0.1348829890070363,0.3315253113956375,0.0,166.0,0.2581904847740638,0.5697015668787673,7,299.0
oa_idx,0.03733987,0.2589010511739297,0.2678796829696173,0.674414945035182,0.3936100403576173,0.0,136.0,0.2232208333271755,44.71645526947424,35,310.0
nk__hrv_n2_hr_mean,0.037124828,0.291489172689644,0.2104719504320768,0.1348829890070363,0.2116618305943528,0.0,207.0,0.1920453572283268,0.294993795643677,3,316.0
rep__eeg_rem_rel_sigma,0.036917552,0.2136890010540088,0.1666833970410868,0.2697659780140727,0.3190988787617216,0.0,278.0,0.2498223498499269,14.991390908835456,12,307.0
rep__remd_rem_density_index,0.036630146,0.2439711542368374,0.1248154418012955,0.2023244835105546,0.138134059349496,0.0,290.0,0.0583805330639571,1.3926942373132256,6,292.0
nk__hrv_sleep_lf,0.036435317,0.2008312543177778,0.1583010062491736,0.1348829890070363,0.202212933650765,0.0,375.0,0.1103941705862461,0.0067595758823699725,4,341.0
arch__trans_p_n3_rem,0.036190674,0.0190607050099108,0.0048427284115692,,,0.0,414.0,0.0084628849291961,0.0,0,224.0
micro__couple_n2_preferred_phase_sin,0.035126995,0.2339980913406405,0.10286584159936,0.3034867252658318,0.1379139798765955,0.0,343.0,0.0997503452733134,2.3862141955978586,13,230.0
nk__hrv_wake_lf,0.034666184,0.2208584053557016,0.2189715767009864,0.224804981678394,0.6389325987330035,0.0,270.0,0.1126111277585344,3.2610319266932493,6,345.0
rep__n_apnea_hypopnea,0.033595327,0.2214959210111117,0.1538852618274936,0.1686037362587955,0.2175929035764081,0.0,199.0,0.116815939621203,5.343097937104102,8,335.0
rep__eeg_n3_rel_delta,0.03314848,0.223677559149726,0.2148444678549423,0.2023244835105546,0.2015388490185532,0.0,333.0,0.2073459222910278,6.006551617113018,9,323.0
rep__eeg_ctr_n3_delta_rel,0.03314848,0.223677559149726,0.1635470797317417,,,0.0,371.0,0.1434602903523037,0.0,0,327.0
nk__hrv_n2_lfn,0.03303363,0.2669362685980934,0.1528618101662614,0.2023244835105546,0.0975767308426903,0.0,301.0,0.0717306168932536,0.9214727892688701,10,329.0
micro__couple_n3_n_spindles,0.031396244,0.0762045098539156,0.110649006119448,0.1348829890070363,0.1544692134293143,0.0,399.0,0.0507622762564176,0.01627092994749546,2,298.0
nk__hrv_rem_nrem_sampen_ratio,0.029440494,0.2533630393285671,0.1644909203934742,0.1888361846098509,0.2028934541220435,0.0,247.0,0.1127211577542753,6.56155547859089,10,331.0
nk__hrv_rem_sampen,0.0293283,0.2696671972590286,0.2279266084901973,0.2427893802126655,0.4974720836072367,0.0,209.0,0.2307904333348653,4.13624568564472,7,320.0
micro__cap_mean_b_dur_s,0.028410204,0.2565702472131212,0.1044212826561623,0.2697659780140727,0.3632464317073527,0.3831417624521189,342.0,0.1114498611027985,0.08667046109692744,11,315.0
rep__eeg_rem_rel_beta,0.028352594,0.2566094348754145,0.2013011611571519,0.2023244835105546,0.2092903991844116,0.0,280.0,0.1704304772362158,0.45293436737847514,7,333.0
ahi,0.028310068,0.2380522060652514,0.2512440800948286,0.1348829890070363,0.1565113811380599,0.0,131.0,0.0804633609137445,1.3965436391897175,7,346.0
arch__trans_p_n3_wake,0.028032772,0.1519987536895223,0.1298038447394276,0.4046489670211092,0.2465091838326883,0.0,408.0,0.1167588142838307,2.160215415219494,10,257.0
rep__eeg_n3_rem_slowing,0.025142182,0.225853658805344,0.191588107470774,0.2023244835105546,0.1528668629280577,0.0,154.0,0.1254038590337842,38.36804634370492,10,295.0
nk__eegc_n2_permen_sd,0.025012484,0.2213903120942792,0.1462373800639969,0.4046489670211092,0.2961160855083343,0.0,327.0,0.116123928678757,10.63161673801369,19,290.0
nk__hrv_n1_hr_mean,0.02433101,0.2637821595147688,0.2013107630886757,0.1348829890070363,0.1055100718420073,0.0,191.0,0.1522522436977865,0.5095813010211714,6,342.0
rep__spo2_mean,0.02417593,0.2037286139553713,0.2630735412628741,0.4046489670211092,0.4368759751012441,0.5747126436781783,107.0,0.2403351136748569,3.664564506860188,12,367.0
nk__hrv_rem_hr_mean,0.023320904,0.2489327571515811,0.1291866659260365,0.2697659780140727,0.150637243618577,0.0,249.0,0.1600260631616091,0.30949242424976653,5,347.0
rep__resp_recovery_time_s,0.023267994,0.2151631775187529,0.257158514882822,0.2158127824112582,0.175814069366943,0.0,341.0,0.1318081773174911,7.305670333560556,17,303.0
rep__event_dur_max_s,0.023174247,0.1020540724374106,0.2832795739541277,0.337207472517591,0.3618242392898421,1.9157088122604773,147.0,0.1792508619201583,1.4293054217123426,19,294.0
nk__hrv_rem_nrem_lfhf_ratio,0.023167305,0.267294122852771,0.2144404561948323,0.2360452307623136,0.4448908404483416,0.0,324.0,0.1239804668643296,5.935146788955177,21,326.0
arch__trans_p_n2_n2,0.022615284,0.201611656930822,0.1371117506258735,0.4046489670211092,0.1894563539104932,0.0,223.0,0.1062158168763269,6.467244290965027,7,340.0
rep__eeg_wake_rel_alpha,0.022142502,0.2419419950759992,0.2197643585239914,0.2697659780140727,0.2318319510882016,0.0,89.0,0.0951439982248655,0.4462244597315863,10,339.0
micro__cap_a1_index,0.021934586,0.2177809810091981,0.1850286933600023,0.1798439853427151,0.1664007066984976,0.0,374.0,0.1403335122141797,1.4791508032067213,10,343.0
hr_mean,0.021534882,0.2434149942269531,0.25072032554066,0.2023244835105546,0.1166634292996144,0.0,137.0,0.183281123179753,2.585056216776138,6,361.0
rep__n_RERA,0.021083606,0.0943668549970251,0.2382402668915352,0.2023244835105546,1.1774999253930865,0.0,112.0,0.2304402128879021,0.19628825737163424,2,337.0
rep__eeg_n2_rel_beta,0.02072269,0.1906829771491319,0.1462639360457701,0.2158127824112582,0.5375018923020529,0.0,328.0,0.1616894648346113,0.06393198459409177,10,359.0
micro__rswa_rem_nrem_ratio,0.020707969,0.29977456674201,0.3257736665647218,0.3776723692197019,0.3822947826311577,0.0,38.0,0.3521190280486901,22.960168490113823,31,285.0
nk__eegc_rem_sampen_mean,0.02061727,0.2362222536411883,0.1675114809705405,0.1348829890070363,0.1246477334776711,0.0,353.0,0.1599754899798898,2.893210038077086,7,355.0
arch__trans_entropy_n2,0.020081647,0.2324011175917198,0.1485166802097901,0.2697659780140727,0.1836252382223102,0.0,220.0,0.0858145538638844,8.937312725502125,17,354.0
nk__rsp_wake_rate_sd,0.020042142,0.2935193651831299,0.6851699601436503,0.1348829890070363,0.1991871671383593,0.7662835249041439,2.0,0.5845545615844063,12.967853041249327,6,319.0
rep__n_desat,0.019410284,0.1544264257993222,0.1408252627766122,0.2023244835105546,0.1323402954263349,0.0,404.0,0.0797132754349519,0.0010853740241145715,3,360.0
rep__eeg_wake_abs_beta,0.018600259,0.2946361422294627,0.159299532049091,0.2697659780140727,0.1404425853377824,0.0,349.0,0.0981243167694641,4.425677738754011,16,332.0
micro__cap_mean_a_dur_s,0.018294226,0.1891123098896363,0.3834793561663849,0.3776723692197019,0.4005210249341809,0.0,13.0,0.4850153515400254,4.646189412393338,20,366.0
rep__spo2_duration_hours,0.017558316,0.2312145057381679,0.2248473693382394,0.337207472517591,0.2032016523297699,0.3831417624521189,243.0,0.168399672544922,0.9483665589941666,10,352.0
rem_mean_bout_min,0.016384047,0.1967028316182345,0.3053353620854395,0.1798439853427151,0.1103033848457031,0.9578544061302972,183.0,0.3377102131917388,11.093239637045485,11,362.0
micro__couple_nrem_coupling_strength,0.015801173,0.2185308155153461,0.3318558740191998,0.2697659780140727,0.1452332961708397,0.0,109.0,0.1475539321513661,3.5070124861791783,12,338.0
micro__rswa_tonic_fraction,0.015758472,0.2655488805818871,0.4452018120706368,0.224804981678394,0.4524627555992988,0.574712643678108,172.0,0.4407254867011451,14.299170651668247,8,334.0
race_unavail,0.015524411,0.0006334031969503,0.0052397875206452,,,0.0,421.0,0.0,0.0,0,311.0
arch__trans_p_n2_n1,0.014540103,0.1783073136454682,0.1291680084115925,0.3237191736168873,0.1352228799403483,0.9578544061302972,362.0,0.1561721961703889,5.5301745748986315,22,372.0
rep__hypopnea_dur_max_s,0.014170438,0.0968416783873241,0.2056182178521474,0.1798439853427151,0.1213600156376069,0.9578544061302972,307.0,0.1969964480291817,0.3885827592384885,10,344.0
nk__hrv_rem_nrem_dfa_a1_ratio,0.014065912,0.2387007025370851,0.2320916346937255,0.2023244835105546,0.2471550227472791,0.9578544061302972,315.0,0.1540592190415152,0.47749118349656783,11,357.0
rera_idx,0.013941263,0.240106885245199,0.2589046554244011,0.2360452307623136,0.1314132639997638,0.0,60.0,0.2062734903690614,14.37813998688216,7,365.0
n2_mean_bout_min,0.013823659,0.2427026264289539,0.1542169012634205,0.485578760425331,0.252175802970748,0.0,260.0,0.2039484024794675,9.174541212269105,22,351.0
rep__odi,0.013422355,0.2443896927719382,0.1499716598103646,0.1348829890070363,0.0972203280050743,0.0,393.0,0.0813247465174621,3.493939510459313,7,376.0
rep__eeg_rem_rel_delta,0.013231328,0.2621589814071561,0.2537692477342128,0.224804981678394,0.2302143370505944,0.0,155.0,0.1258980754605426,1.6990512940157032,13,374.0
rep__RERA_dur_mean_s,0.013168999,0.2129137114154035,0.2722943845528464,0.4383697142728683,0.3172076106028341,0.0,114.0,0.1873415459620449,2.157707431426388,17,309.0
nk__eegc_wake_sampen_sd,0.012749245,0.2644485902202991,0.1627492785025579,0.2023244835105546,0.3066603620751148,0.7662835249042378,364.0,0.1135030318266013,4.840616922661866,14,363.0
rep__hb_pctmin_total,0.012731847,0.2825545028981597,0.1609899713733205,0.2023244835105546,0.104042405756419,0.0,382.0,0.1290575064166114,0.0,0,371.0
nk__hrv_wake_sleep_hr_delta,0.012116074,0.2493715882715305,0.4708309985332918,0.3709282197693501,0.2647605157721602,0.0,67.0,0.3168019501590453,6.8139698941283315,28,348.0
nk__rsp_n3_rate_sd,0.01183018,0.2488505267351918,0.3037079937786583,0.3034867252658318,0.4710786843467056,0.0,45.0,0.4224236560416782,11.83717038648183,14,356.0
nk__hrv_n3_lfhf,0.0117128715,0.2668158510299304,0.1457007998486825,0.5934851516309603,0.3261885696928847,0.0,321.0,0.0733261131250622,16.417299600692118,29,386.0
rep__hypoxic_burden,0.011660842,0.227428592688873,0.1135464405642435,0.1348829890070363,0.172280600300024,0.0,402.0,0.0936519553786797,0.13894075905261616,4,375.0
rep__hypopnea_dur_mean_s,0.0116578685,0.2304649118778518,0.2021675418900538,0.1348829890070363,0.161604210336558,0.0,313.0,0.101054074070865,4.381976168873962,5,364.0
arch__arousal_idx_n3,0.011619938,0.2427029930171622,0.1370861426191683,0.2427893802126655,0.1636494054902858,0.3831417624521189,230.0,0.1439140862177687,1.9086336400666903,9,370.0
nk__hrv_n3_dfa_a1,0.010785718,0.2685325614573192,0.160392371759856,0.1348829890070363,0.2345190557083745,0.0,382.0,0.145214919328536,13.645354489970487,7,393.0
nk__rsp_wake_rrv_cv,0.010282115,0.2898394740086321,0.5964028628650331,0.2427893802126655,0.2659428987149266,1.3409961685822986,3.0,0.4283684340496463,2.5817983185406774,12,369.0
nk__rsp_n1_rrv_cv,0.010202285,0.2486799800179812,0.4088958961581531,0.2023244835105546,0.247015105318412,0.0,37.0,0.3062027659713333,12.679728626215365,17,378.0
nk__eegc_n2_n_epochs,0.009587129,0.0004763659999858,0.0,,,0.0,426.0,0.0,0.0,0,336.0
ca_idx,0.009526647,0.2512572551991039,0.1831572439416964,0.3776723692197019,0.1594716894978647,0.0,144.0,0.1063044706083512,6.805169576058688,18,387.0
rep__n_central_apnea,0.008727336,0.1170872564863352,0.1846797900724261,0.1348829890070363,0.1257101010249453,0.0,219.0,0.1014649141744275,1.676433897647907,3,388.0
spo2_p1,0.0086658895,0.1827400200385635,0.1618123402988963,0.1798439853427151,0.1324509256493922,0.0,391.0,0.11929199644452,2.322593204520672,7,383.0
nk__eegc_n1_sampen_sd,0.00863518,0.2818678702515839,0.2710087055300093,0.2697659780140727,0.2549471323687908,0.0,281.0,0.3079300881043126,0.010334987914300209,9,379.0
rep__eeg_wake_rel_beta,0.008559323,0.2907363418977464,0.4543984914100766,0.2697659780140727,0.1780768307833823,0.0,15.0,0.2976938346183553,0.4401528015732765,5,380.0
n_n2_bouts,0.008309812,0.0876533465006767,0.1573808597268303,0.1798439853427151,0.1451944821378027,0.0,282.0,0.0810869883169826,1.4788337111953584,6,385.0
n_n3_bouts,0.008285984,0.0385403222047558,0.1662351885053734,0.1348829890070363,0.164065020651037,0.3831417624521189,372.0,0.1227084346905996,0.013379390351474285,2,391.0
rep__eeg_n1_delta_sigma,0.008023508,0.2771289984076687,0.1818273893841791,0.2023244835105546,0.1709484392670028,0.9578544061302972,388.0,0.1846162910023474,0.17169391177594662,4,350.0
micro__couple_n3_preferred_phase_sin,0.0079229465,0.209390454166443,0.4217535220038358,,,1.9157088122605943,16.0,0.2218195217419689,1.5156811475753784,2,321.0
nk__hrv_wake_sampen,0.0071619297,0.2808959843229777,0.1597443403173289,0.2360452307623136,0.1645232638303666,0.1915708812260594,365.0,0.0924940110050056,1.5389764205319807,5,390.0
micro__rswa_tonic_tone_ratio,0.0068736314,0.2397668512858443,0.4775475935179897,0.3147269743497516,0.1983155190159959,0.0,32.0,0.2992506146775064,23.920929056861496,14,318.0
rep__eeg_n1_rem_slowing,0.006783249,0.29042398273707,0.2124064124625314,0.224804981678394,0.11596805770271,0.0,324.0,0.1435486917800727,0.32482071565937076,5,368.0
arch__trans_p_rem_n3,0.0064307423,0.0004763659999858,0.0,,,0.0,426.0,0.0,0.0,0,358.0
rep__eeg_rem_delta_sigma,0.0059072,0.2554105584325071,0.1840851475846655,0.2023244835105546,0.4139614960338423,0.9578544061302972,269.0,0.2076187404680756,0.967251913563814,12,377.0
rep__eeg_ctr_rem_slowing,0.005710504,0.258698107776443,0.1984457801892781,,,0.0,272.0,0.1629532271485642,0.0,0,384.0
rep__eeg_rem_rem_slowing,0.005710504,0.258698107776443,0.2479952598972397,0.2697659780140727,0.1580153133302232,0.9578544061302972,220.0,0.2550934338222367,1.0479964202973484,6,381.0
nk__eegc_n1_permen_sd,0.0055339094,0.1577736299495132,0.2439383292959533,0.1348829890070363,0.4585789290844961,0.0,251.0,0.1817237903518872,11.95421221785,14,373.0
nk__eegc_n3_sampen_sd,0.0046591,0.2237304482846787,0.3412129502232827,0.2967425758154801,0.1984133085575918,0.9578544061302972,285.0,0.1791629843753182,6.669574270045126,15,382.0
arch__trans_p_n2_n3,0.0042997417,0.2171732542544986,0.2000644396183962,0.2158127824112582,0.4236398495636307,0.5747126436781783,182.0,0.141097500429732,19.274387657185088,19,396.0
rep__eeg_n3_delta_sigma,0.0040760348,0.2494762045442136,0.1061729286324488,0.2023244835105546,0.1593367851608065,0.0,389.0,0.1409481773653432,0.011476274059532443,3,392.0
nk__hrv_wake_lfn,0.003520662,0.269184441395795,0.1877913202480167,0.674414945035182,0.1659741931077705,0.0,262.0,0.1783196319612667,5.831207532690475,27,397.0
arch__trans_p_wake_n3,0.0034394772,0.0098781273775783,0.0036603193376779,,,0.0,418.0,0.0138865841522847,0.0,0,389.0
micro__couple_n2_coupling_strength,0.0031056541,0.269251659507444,0.3303743601489213,0.2023244835105546,0.2673111924138486,0.0,95.0,0.2059826067398035,13.514247269471525,16,395.0
rep__post_event_overshoot,0.002982438,0.2464117164499193,0.1156817270157301,0.1348829890070363,0.1306831575318953,0.0,299.0,0.1268804470981509,0.3738139399792999,5,404.0
micro__couple_n2_preferred_phase_cos,0.0023671845,0.2480032216805325,0.1413209659627586,0.449609963356788,0.1738478648930029,0.0,367.0,0.1191063396995053,3.469172211320256,12,394.0
nk__eegc_n2_sampen_sd,0.002332379,0.2563693672480964,0.5175879289865409,0.5058112087763865,0.1812233642055998,0.1915708812260359,36.0,0.3670777089148603,13.799970173236943,27,406.0
rep__eeg_n1_rel_delta,0.0021698554,0.2452649288841436,0.2183701217902621,0.4383697142728683,0.1426273811343866,0.0,297.0,0.0792643873105562,0.06770459946710616,6,410.0
rep__desat_depth_max,0.0021160564,0.1822226719708435,0.2347980321151496,0.4945709596924668,0.1294464492013464,0.0,197.0,0.2100271698827897,11.476502056408208,8,402.0
rep__desat_depth_mean,0.0018663626,0.2160079204562214,0.3708979323663389,0.2697659780140727,0.1225333590208344,0.0,4.0,0.3468101200330167,5.257929159693644,8,399.0
rep__eeg_n2_rem_slowing,0.0017861164,0.2617833548211453,0.1898318270071178,0.1348829890070363,0.1796301732210038,0.0,293.0,0.1402407418194004,3.086851013911655,2,401.0
nk__hrv_n1_sampen,0.0017227686,0.2428281145380349,0.1421889854640851,0.1686037362587955,0.2356488053716984,0.0,213.0,0.1313991395738157,12.114827208191855,13,408.0
rep__RERA_dur_max_s,0.0017043918,0.0300295762770435,0.2018199038879274,0.1348829890070363,0.1124573467025504,0.0,373.0,0.1704714598797958,0.2933814821171181,9,403.0
rep__spo2_p1,0.0016769565,0.0792198676616709,0.1652426878515384,0.1348829890070363,0.1346164027699938,0.0,375.0,0.0819652790192986,0.0,0,398.0
rep__eeg_wake_rem_slowing,0.0015655481,0.2459863215014505,0.1709710146638302,0.2697659780140727,0.4838940849221414,0.0,140.0,0.1596629734852803,0.4255984678563891,12,407.0
nk__eegc_n3_permen_sd,0.0015375619,0.161139742166061,0.1994680001030822,0.2023244835105546,0.2641842915089405,0.9578544061302972,286.0,0.192808749646759,4.578390606001555,9,409.0
rep__eeg_n2_rel_delta,0.0015295304,0.2400051497593072,0.196159255849154,0.1348829890070363,0.2681187293440053,0.0,162.0,0.1698525860551945,2.4404730829856356,7,411.0
rep__eeg_ctr_rem_n3_slowing_ratio,0.0014444317,0.2667024156440851,0.2025754080892495,0.2697659780140727,0.2118311328685473,0.0,213.0,0.1339724210678651,1.1768647080170922,9,405.0
micro__couple_n3_coupling_strength,0.0012000845,0.2091304566658132,0.124398095727295,0.1348829890070363,1.6710175099639717,0.0,392.0,0.0920593211372892,2.9216664431151003,5,400.0
nk__eegc_n3_sampen_mean,0.0010463267,0.2686204125790961,0.1324336724427439,0.5395319560281455,0.113722345695895,0.0,228.0,0.0730637433367846,0.005448675801744685,3,412.0
rep__eeg_n1_rel_beta,0.0008762223,0.2465097579452342,0.1960795605723436,0.1348829890070363,0.0854858619836121,0.0,141.0,0.0856271214526239,0.0042981938032012525,3,415.0
nk__eegc_wake_sampen_mean,0.0007965007,0.2857215678575332,0.3678306045512747,0.1798439853427151,0.1530460508159611,0.9578544061302972,29.0,0.1983030107213501,4.142344449263019,8,416.0
pct_n2,0.0007621908,0.3056720760426482,0.3554570672728444,0.2023244835105546,0.1237814268568595,0.1915708812260594,80.0,0.1667658980305767,32.190024789360905,12,420.0
spo2_std,0.00069255027,0.2359521316733134,0.1563496244964883,0.1348829890070363,0.0850391565406243,0.0,282.0,0.1053774253182971,4.280876393524522,5,418.0
sleep_latency_min,0.00064843136,0.1574802406185553,0.295448027808493,0.3596879706854303,0.3379383710079938,0.0,195.0,0.1625572573567771,3.0977152955896203,16,414.0
spo2_desat_idx,0.0005456561,0.2685601792980303,0.1257867284644836,0.2023244835105546,0.2442268973024091,0.0,263.0,0.0944342998985102,3.9631321724446025,6,419.0
nk__eegc_rem_permen_sd,0.00042730122,0.1816464672418808,0.1854168463774206,0.1348829890070363,0.1040949032704369,0.0,279.0,0.1689368702064754,2.9449382560109014,12,413.0
race_white,0.00033973,1.2942140720302402e-05,0.0161497020150592,,,0.0,416.0,0.0181182033201287,0.0,0,421.0
nk__hrv_n1_lfn,0.00024163644,0.2950945533017187,0.2472125719591609,0.1348829890070363,0.4941748225117089,0.0,313.0,0.1813236111978065,1.2703814213746227,4,425.0
rep__spindle_n3_dur_mean,0.00023714807,0.23202465877019,0.3439125027217182,0.2697659780140727,0.3761837855902322,2.873563218390774,69.0,0.3985962580484143,5.839093181304634,12,422.0
rep__eeg_n2_delta_sigma,0.00017622528,0.2495948689793191,0.2380780715724558,0.1888361846098509,0.1154057532700973,0.9578544061302972,193.0,0.148652294648846,3.4733727434009722,15,423.0
rep__eeg_wake_delta_sigma,0.00017327623,0.2549536930061222,0.1789678751685857,0.1348829890070363,0.1514465427095532,0.0,241.0,0.1446939725780549,0.2574776778236811,7,424.0
race_black,6.2264626e-05,2.3838945205144427e-06,0.0219865120452834,0.1348829890070363,0.2978884603512664,0.0,412.0,0.0126306666299306,0.0,0,427.0
micro__couple_nrem_preferred_phase_cos,5.0477927e-05,0.2650652747654948,0.2517560171351569,0.2023244835105546,0.1321585952581426,0.0,379.0,0.2426842589274692,0.7690694814227754,11,426.0
rep__eeg_rem_rel_alpha,2.5062289e-05,0.2711216491098634,0.3048437920733175,0.3709282197693501,0.185696446713321,0.3831417624521189,96.0,0.1985068316057642,1.1930994598851044,24,
nk__rsp_n3_rrv_cv,9.69275e-06,0.2536888540020851,0.4135969113112874,0.9981341186520696,0.2121929858510514,0.1915708812260594,51.0,0.3327502630657552,6.326895996880921,39,
nk__eegc_n3_permen_mean,0.0,0.223849829067204,0.1938112372008091,0.5125553582267383,0.2221568568585042,0.0,297.0,0.1424865908353199,15.28271379249054,24,
nk__eegc_wake_n_epochs,0.0,0.0045301743832146,0.0060314762341174,,,0.0,414.0,0.0,0.0,0,
rep__spo2_min,-0.00030212154,0.1339871190819054,0.164884611904209,0.1348829890070363,0.6131743113686849,0.0,310.0,0.108073706585031,0.1327233990377863,10,417.0
sex_o,,0.0,0.0,,,0.0,426.0,0.0,0.0,0,
race_other,,0.0,0.0,,,0.0,426.0,0.0,0.0,0,
wake_intrusions_per_hr,,0.0,0.0,,,0.0,426.0,0.0,0.0,0,
arch__trans_p_n1_n3,,0.0,0.0,,,0.0,426.0,0.0,0.0,0,
arch__arousal_idx_wake,,0.0,0.0,,,0.0,426.0,0.0,0.0,0,
