,mean_rank,median_rank,top10_count,top20_count,n_methods
arch__trans_p_wake_n1,22.772727272727273,19.5,2,6,11
bmi,29.181818181818183,2.0,7,9,11
rep__eeg_n1_theta_alpha,33.36363636363637,5.0,7,9,11
age,37.36363636363637,2.0,9,10,11
rep__eeg_n2_theta_alpha,40.31818181818182,14.0,3,8,11
rep__remd_threshold_uv,41.5,27.0,2,2,11
rep__eeg_n1_abs_theta,43.18181818181818,38.5,0,3,11
arch__arousal_idx_n1,43.36363636363637,13.0,3,7,11
rep__eeg_wake_rel_theta,51.36363636363637,9.0,6,7,11
rep__eeg_n2_rel_theta,54.40909090909091,16.0,3,6,11
pct_r,55.77272727272727,27.0,0,4,11
micro__rswa_phasic_per_min,56.27272727272727,35.5,1,3,11
arch__arousal_idx_rem,59.86363636363637,33.0,4,5,11
rep__eeg_n1_rel_alpha,71.95454545454545,19.5,3,6,11
nk__hrv_sleep_n_beats,72.22727272727273,58.5,1,2,11
prob_arous_mean,73.22727272727273,49.5,0,1,11
micro__rswa_rem_rms_cv,73.72727272727273,59.0,0,3,11
arch__trans_p_n3_n2,76.95454545454545,85.0,1,2,11
rep__eeg_n2_abs_theta,80.36363636363636,29.0,1,4,11
nk__hrv_n3_sdnn,81.81818181818181,64.0,0,1,11
micro__cap_a3_index,82.13636363636364,28.0,0,3,11
nk__hrv_n1_tp,84.36363636363636,54.0,1,2,11
rep__eeg_rem_rel_theta,85.27272727272727,57.0,0,0,11
nk__rsp_rem_rate_sd,86.0,41.0,0,3,11
rep__eeg_n1_abs_beta,91.81818181818181,77.0,1,3,11
rep__eeg_n1_rel_theta,91.95454545454545,46.0,2,4,11
nk__hrv_n3_sd2,98.54545454545455,95.0,0,0,11
isolated_limb_idx,103.5,91.0,0,1,11
micro__cap_a3_pct,104.4090909090909,88.0,0,0,11
micro__cap_a1_pct,106.22727272727273,118.0,0,1,11
rep__spindle_n2_n_spindles,113.04545454545455,74.0,0,0,11
plmi,113.27272727272727,80.0,0,0,11
micro__rswa_rem_nrem_ratio,113.5909090909091,58.0,0,2,11
stage_entropy,114.0909090909091,82.5,0,1,11
nk__hrv_n3_rmssd,114.27272727272727,84.0,0,0,11
nk__rsp_n3_rate_mean,114.63636363636364,76.0,0,0,11
nk__hrv_nrem_n_beats,114.9090909090909,119.0,0,0,11
arch__trans_entropy_wake,116.54545454545455,91.0,0,1,11
micro__cap_time_min,118.18181818181819,74.0,0,0,11
nk__rsp_n3_rrv_cv,118.85,83.75,2,2,10
rep__eeg_rem_abs_delta,120.77272727272727,102.0,1,2,11
waso_min,121.81818181818181,76.0,1,1,11
rep__eeg_n2_abs_delta,124.77272727272727,106.0,0,0,11
nk__hrv_sleep_sd1sd2,125.0,98.0,1,1,11
periodic_limb_idx,125.5,58.5,1,3,11
rep__central_apnea_dur_mean_s,127.0,87.0,0,0,11
rep__eeg_n3_abs_beta,128.5909090909091,119.0,0,0,11
micro__couple_nrem_n_spindles,129.0,73.0,1,1,11
nk__hrv_wake_dfa_a2,129.13636363636363,111.0,0,0,11
rep__eeg_rem_theta_alpha,129.63636363636363,94.5,0,0,11
nk__hrv_n1_rmssd,129.95454545454547,99.5,2,2,11
nk__rsp_wake_rrv_cv,130.0909090909091,120.5,1,3,11
rep__spindle_n2_density_per_min,135.3181818181818,97.0,0,0,11
rep__eeg_n3_rel_theta,135.5909090909091,115.0,0,1,11
arch__trans_p_wake_wake,137.11111111111111,61.5,1,1,9
rep__spindle_n2_amp_mean,139.4090909090909,125.0,1,1,11
arch__trans_p_rem_rem,139.94444444444446,106.0,0,0,9
nk__eegc_n2_sampen_sd,140.4090909090909,56.0,0,1,11
arch__arousal_dur_max_s,141.04545454545453,113.0,0,0,11
rep__eeg_wake_abs_delta,141.72727272727272,127.0,0,0,11
oa_idx,142.77272727272728,142.0,1,3,11
arch__trans_entropy_rem,143.0,139.0,1,1,11
nk__hrv_nrem_rmssd,144.83333333333334,152.0,0,1,9
nk__rsp_n1_rate_sd,144.94444444444446,132.0,0,1,9
rep__eeg_n1_rel_sigma,145.8181818181818,127.0,0,0,11
nk__hrv_n1_sd1,146.63636363636363,81.0,3,4,11
nk__rsp_wake_rate_sd,146.77272727272728,61.0,2,3,11
micro__rswa_tonic_fraction,146.86363636363637,143.0,0,0,11
nk__rsp_n1_rate_mean,148.22727272727272,130.0,0,0,11
nk__hrv_n1_lf,148.22727272727272,124.0,0,0,11
arch__n_arousals,149.13636363636363,119.0,1,1,11
arch__arousal_iai_cv,149.77272727272728,146.5,0,0,11
rep__rdi,149.77777777777777,157.0,0,0,9
micro__couple_n2_modulation,150.6818181818182,153.0,0,0,11
nk__hrv_wake_pnn50,150.9090909090909,157.0,0,1,11
rep__eeg_n2_abs_alpha,151.13636363636363,71.0,0,0,11
rep__eeg_n3_theta_alpha,151.54545454545453,143.0,0,1,11
rep__eeg_rem_rel_alpha,152.0,105.75,0,0,10
rep__central_apnea_dur_max_s,152.22727272727272,103.0,0,0,11
nk__rsp_n3_rate_sd,153.13636363636363,89.5,0,0,11
pct_w,153.3181818181818,119.0,0,0,11
nk__hrv_n1_cvnn,153.54545454545453,133.0,0,0,11
rep__resp_tst_hours,153.63636363636363,120.5,0,0,11
nk__hrv_n1_hf,154.0,186.0,1,1,9
nk__hrv_wake_sleep_hr_delta,154.45454545454547,107.0,0,1,11
nk__rsp_rem_rrv_cv,156.0,112.0,0,1,11
nk__hrv_rem_n_beats,157.22727272727272,149.0,0,0,11
nk__hrv_wake_hfn,157.3181818181818,171.0,0,1,11
rep__spindle_n3_dur_mean,157.45454545454547,119.0,1,1,11
spo2_mean,157.8181818181818,135.5,0,0,11
micro__cap_mean_a_dur_s,158.0,61.0,0,1,11
nk__eegc_wake_permen_sd,159.0909090909091,158.0,0,0,11
rep__eeg_n2_abs_sigma,159.13636363636363,126.0,0,1,11
sleep_efficiency,159.38888888888889,107.0,0,0,9
nk__hrv_rem_rmssd,160.27272727272728,129.0,1,1,11
rep__n_obstructive_apnea,160.3181818181818,108.0,0,1,11
nk__rsp_wake_rate_mean,160.63636363636363,120.5,0,0,11
nk__hrv_nrem_lfn,160.8181818181818,192.0,2,3,11
micro__rswa_tonic_tone_ratio,161.1818181818182,91.5,0,1,11
nk__hrv_rem_dfa_a2,161.27272727272728,159.0,1,1,11
nk__hrv_sleep_hf,161.5,153.0,0,0,11
nk__hrv_n3_sdsd,163.11111111111111,103.0,0,0,9
rep__event_dur_mean_s,163.13636363636363,146.5,0,0,11
nk__eegc_rem_sampen_sd,163.45454545454547,187.0,0,0,11
rep__eeg_rem_abs_alpha,163.45454545454547,128.0,0,0,11
arch__trans_entropy_n3,164.5,173.0,0,0,11
nk__rsp_n2_rate_sd,164.5909090909091,155.0,0,0,11
nk__hrv_n1_pnn50,165.13636363636363,157.0,0,0,11
nk__hrv_sleep_lfn,165.36363636363637,124.0,0,0,11
nk__hrv_sleep_dfa_a2,165.54545454545453,103.0,0,0,11
nk__hrv_rem_nrem_hr_delta,166.0,162.0,0,0,11
rep__spindle_n3_density_per_min,166.04545454545453,176.0,0,0,11
rep__eeg_n2_rel_sigma,168.5,116.0,0,0,9
rep__spo2_mean,168.6818181818182,120.5,0,0,11
micro__cap_rate,169.0909090909091,164.0,0,0,11
nk__hrv_stage_rmssd_cv,169.63636363636363,157.0,0,1,11
nk__hrv_n2_dfa_a1,170.0,144.0,0,0,11
nk__hrv_rem_pnn50,171.04545454545453,138.0,1,1,11
nk__hrv_stage_hr_range,171.13636363636363,187.0,0,0,11
arch__arousal_iai_mean_s,171.27272727272728,184.0,1,1,11
nk__rsp_n1_rrv_cv,171.5909090909091,142.0,0,0,11
nk__hrv_rem_nrem_rmssd_ratio,172.54545454545453,182.0,0,0,11
rep__event_dur_max_s,175.13636363636363,153.0,1,1,11
pct_n1,176.22727272727272,198.0,0,0,11
arousal_density,176.4090909090909,177.0,0,0,11
rep__spindle_n2_dur_mean,177.4090909090909,187.0,0,0,11
nk__hrv_rem_sdnn,177.9090909090909,180.0,0,0,11
nk__hrv_wake_sd2,178.04545454545453,155.0,0,0,11
nk__hrv_sleep_sdsd,178.05555555555554,155.0,0,1,9
pct_n2,178.63636363636363,120.5,1,2,11
rep__spindle_threshold_uv,179.0,239.0,0,0,11
hyp_idx,179.5,152.0,0,0,11
micro__couple_nrem_preferred_phase_sin,179.72727272727272,140.0,0,1,11
micro__couple_n2_coupling_strength,180.0,124.0,0,0,11
nk__hrv_sleep_rmssd,180.63636363636363,133.0,0,1,11
arousal_idx,180.6818181818182,142.0,0,0,11
nk__hrv_n1_sdnn,181.0909090909091,138.0,0,0,11
nk__hrv_n2_rmssd,181.27777777777777,189.0,0,1,9
arch__trans_entropy_n1,181.77272727272728,206.0,0,0,11
arch__arousal_iai_median_s,182.4090909090909,157.0,0,0,11
nk__eegc_wake_sampen_mean,182.5909090909091,179.0,0,0,11
nk__hrv_nrem_dfa_a2,183.0,103.0,0,0,11
nk__rsp_n2_rrv_cv,183.1818181818182,173.5,0,0,11
nk__hrv_wake_sd1,183.33333333333334,180.0,0,0,9
micro__couple_nrem_modulation,184.0,150.0,0,0,11
rem_latency_min,184.04545454545453,157.0,0,0,11
rep__spindle_n3_minutes,184.27272727272728,154.0,0,1,11
nk__hrv_n3_hr_mean,184.36363636363637,187.0,0,0,11
rep__eeg_wake_rel_delta,184.63636363636363,192.0,0,0,11
rep__ahi,184.8181818181818,210.0,1,1,11
nk__hrv_n1_sd1sd2,185.0,187.0,0,0,9
rep__eeg_n3_abs_sigma,185.27272727272728,188.0,0,0,11
nk__eegc_n2_sampen_mean,186.27272727272728,203.0,0,0,11
rep__eeg_n1_abs_sigma,188.0,187.0,0,0,11
nk__hrv_n3_wake_rmssd_ratio,188.4090909090909,174.0,0,0,11
arch__trans_p_n2_rem,190.1818181818182,198.0,0,0,11
rep__eeg_rem_abs_theta,191.13636363636363,169.0,0,0,11
arch__trans_p_n1_n1,191.22727272727272,197.0,0,0,11
arch__trans_p_n1_wake,191.3181818181818,181.0,0,0,11
rep__eeg_wake_rel_beta,192.4090909090909,216.0,0,0,11
rep__RERA_dur_mean_s,192.5,194.0,0,0,11
nk__hrv_wake_lfhf,192.9090909090909,224.0,0,0,11
nk__hrv_nrem_sdsd,193.16666666666666,218.0,0,1,9
nk__hrv_rem_sampen,193.63636363636363,176.0,0,0,11
rep__eeg_n1_abs_alpha,193.77272727272728,219.0,0,0,11
nk__eegc_n3_sampen_sd,193.9090909090909,190.0,0,0,11
arch__trans_p_rem_wake,195.3181818181818,201.5,0,0,11
arch__arousal_dur_sd_s,195.54545454545453,213.0,0,0,11
nk__hrv_rem_tp,196.22727272727272,192.5,0,0,11
prob_w_mean,196.54545454545453,242.0,0,0,11
rep__eeg_n2_rel_alpha,196.72727272727272,184.0,0,0,11
nk__hrv_rem_sdsd,197.11111111111111,136.0,0,1,9
rep__obstructive_apnea_dur_max_s,197.3181818181818,213.0,0,0,11
nk__hrv_sleep_sdnn,198.22727272727272,189.0,1,1,11
nk__hrv_n3_lfn,198.3181818181818,196.0,0,0,11
micro__couple_n2_n_spindles,198.8181818181818,217.0,0,0,11
nk__hrv_rem_cvnn,199.04545454545453,200.0,0,1,11
arch__trans_p_n2_n3,199.27272727272728,188.0,0,0,11
nk__hrv_n1_n_beats,199.5,213.0,0,0,11
nk__hrv_n2_sdsd,200.38888888888889,170.0,0,1,9
nk__hrv_n1_sdsd,200.8181818181818,234.0,3,3,11
arch__trans_p_n3_n3,201.1818181818182,156.0,1,1,11
arch__trans_p_rem_n1,201.5,195.0,0,0,11
nk__hrv_n2_sd1sd2,202.5909090909091,175.0,0,0,11
rem_mean_bout_min,202.77272727272728,189.5,0,0,11
nk__hrv_wake_n_beats,202.95454545454547,166.0,1,1,11
nk__eegc_wake_permen_mean,203.13636363636363,218.0,0,0,11
rep__eeg_rem_abs_beta,203.36363636363637,213.0,0,0,11
nk__hrv_wake_rmssd,203.54545454545453,190.0,0,0,11
spo2_frac_lt90,203.72727272727272,227.0,0,0,11
n3_mean_bout_min,204.27272727272728,186.0,0,0,11
micro__couple_n3_preferred_phase_sin,205.77777777777777,233.0,1,1,9
nk__hrv_rem_nrem_lfhf_ratio,206.04545454545453,200.0,0,0,11
micro__cap_n_sequences,206.1818181818182,213.0,0,0,11
nk__hrv_n2_pnn50,206.6818181818182,197.0,0,0,11
rem_fragmentation,206.77272727272728,224.0,0,0,11
transitions_per_hr,206.9090909090909,232.0,0,0,11
nk__hrv_n3_sd1,207.5909090909091,156.0,0,0,11
rep__eeg_n1_n_epochs,207.9090909090909,198.0,0,0,11
nk__hrv_wake_lfn,209.04545454545453,231.0,1,1,11
nk__hrv_rem_lfhf,209.13636363636363,257.0,0,0,11
rep__desat_depth_mean,209.27272727272728,213.0,0,1,11
nk__hrv_n1_sd2,209.36363636363637,213.0,0,0,11
nk__eegc_n3_permen_mean,209.45,252.0,0,0,10
n2_mean_bout_min,209.72727272727272,262.0,0,0,11
rep__eeg_rem_rel_sigma,209.86363636363637,274.0,0,0,11
nk__hrv_sleep_sd2,209.95454545454547,234.0,0,0,11
nk__rsp_rem_rate_mean,210.22727272727272,207.0,0,0,11
nk__hrv_n3_cvnn,210.54545454545453,204.0,0,0,11
nk__hrv_sleep_sd1,211.83333333333334,244.5,0,1,9
rep__eeg_n2_abs_beta,211.9090909090909,182.0,0,0,11
rep__eeg_rem_delta_sigma,212.04545454545453,207.0,0,0,11
rep__eeg_rem_rem_slowing,212.45454545454547,226.5,0,0,11
nk__hrv_n2_sampen,213.1818181818182,172.0,0,0,11
rep__eeg_n3_abs_delta,213.27272727272728,201.0,0,0,11
nk__hrv_wake_cvnn,213.27272727272728,173.5,0,0,11
nk__hrv_wake_sdsd,213.38888888888889,225.0,0,0,9
arch__arousal_idx_n2,213.9090909090909,229.0,0,0,11
nk__hrv_nrem_cvnn,214.45454545454547,248.0,0,0,11
nk__eegc_n1_sampen_sd,215.36363636363637,187.0,0,0,11
n3_latency_min,215.5909090909091,208.0,0,0,11
rep__eeg_wake_abs_theta,215.8181818181818,207.0,0,1,11
rep__eeg_n3_rel_beta,216.45454545454547,202.0,0,0,11
rera_idx,216.5909090909091,239.0,0,0,11
rep__spindle_n3_amp_mean,216.8181818181818,228.0,0,0,11
nk__hrv_n3_sampen,217.0,274.0,1,1,11
rep__spo2_duration_hours,217.3181818181818,219.0,0,0,11
nk__hrv_sleep_pnn50,217.33333333333334,182.0,0,0,9
nk__hrv_rem_lf,217.5909090909091,224.0,0,0,11
micro__couple_nrem_coupling_strength,218.13636363636363,254.0,0,0,11
nk__hrv_rem_sd1,218.77777777777777,245.0,1,1,9
nk__hrv_sleep_hfn,219.13636363636363,269.5,0,1,11
nk__hrv_n3_lfhf,219.72727272727272,274.0,0,1,11
arch__arousal_dur_mean_s,219.72727272727272,230.0,0,0,11
nk__hrv_n1_lfhf,219.86363636363637,239.0,0,0,11
rep__eeg_rem_rel_delta,219.95454545454547,173.5,0,0,11
sleep_latency_min,220.45454545454547,201.5,0,0,11
nk__hrv_nrem_sd1sd2,221.0,207.0,0,0,11
rep__eeg_n3_abs_theta,221.5909090909091,250.0,0,0,11
nk__hrv_rem_dfa_a1,221.8181818181818,210.5,0,0,11
rep__remd_n_movements,222.22727272727272,213.0,0,0,11
nk__eegc_wake_sampen_sd,222.45454545454547,207.0,0,0,11
nk__hrv_n3_lf,222.86363636363637,194.0,0,0,11
nk__hrv_wake_hf,222.9090909090909,214.0,0,0,11
ca_idx,224.0909090909091,241.0,0,0,11
rep__eeg_n3_abs_alpha,224.6818181818182,222.0,0,0,11
rep__eeg_rem_abs_sigma,225.0909090909091,198.0,0,0,11
nk__eegc_n2_permen_sd,226.63636363636363,290.0,0,0,11
nk__hrv_n1_dfa_a2,227.1818181818182,207.0,0,0,11
nk__hrv_n3_n_beats,227.4090909090909,236.5,0,0,11
nk__hrv_wake_dfa_a1,227.5,242.0,0,0,11
nk__hrv_nrem_pnn50,227.61111111111111,237.0,0,0,9
nk__hrv_rem_nrem_dfa_a1_ratio,227.86363636363637,243.0,0,0,11
arch__arousal_dur_median_s,228.27272727272728,186.0,0,0,11
rep__eeg_n2_delta_sigma,229.6818181818182,225.0,0,0,11
arch__trans_p_n1_n2,230.04545454545453,220.0,0,0,11
nk__hrv_n3_pnn50,230.45454545454547,274.0,0,0,11
rep__eeg_n3_rem_slowing,230.54545454545453,255.0,0,1,11
nk__hrv_n2_sd1,231.0,274.0,0,0,9
rep__obstructive_apnea_dur_mean_s,231.1818181818182,261.0,0,0,11
nk__eegc_n1_permen_sd,232.04545454545453,257.0,0,0,11
nk__eegc_n1_sampen_mean,232.22727272727272,239.0,0,0,11
rep__t90_pct,232.95454545454547,249.0,0,0,11
rep__eeg_wake_rem_slowing,233.3181818181818,246.0,0,0,11
nk__hrv_n3_dfa_a2,233.36363636363637,217.0,0,0,11
rep__eeg_wake_rel_alpha,233.5,263.0,0,0,11
rep__resp_recovery_time_s,234.22727272727272,274.0,0,0,11
nk__hrv_wake_sdnn,234.4090909090909,274.0,0,0,11
n_rem_bouts,234.63636363636363,269.5,0,0,11
micro__cap_a2_pct,235.0,246.0,0,0,11
nk__eegc_n3_permen_sd,235.6818181818182,207.0,0,0,11
rep__eeg_rem_n_epochs,236.22727272727272,274.0,0,0,11
nk__hrv_sleep_dfa_a1,236.9090909090909,242.0,0,0,11
rep__desat_depth_max,237.36363636363637,213.0,0,0,11
nk__hrv_n2_dfa_a2,237.5909090909091,213.0,0,0,11
nk__hrv_rem_lfn,238.5909090909091,274.0,0,0,11
arch__trans_p_n2_wake,238.9090909090909,274.0,0,0,11
rep__eeg_wake_abs_beta,238.9090909090909,286.0,0,0,11
rep__eeg_n3_rel_delta,239.13636363636363,207.0,0,0,11
pct_n3,239.4090909090909,269.5,0,0,11
hrv_rmssd,239.5909090909091,269.5,0,0,11
nk__hrv_nrem_lf,241.4090909090909,272.0,0,0,11
arch__trans_p_n2_n1,241.5,295.0,0,0,11
micro__cap_mean_b_dur_s,241.6818181818182,315.0,0,0,11
micro__couple_n3_preferred_phase_cos,241.72727272727272,274.0,0,0,11
rep__n_RERA,241.95454545454547,274.0,1,1,11
nk__hrv_nrem_hfn,242.22727272727272,274.0,0,0,11
nk__hrv_sleep_cvnn,242.36363636363637,252.0,0,0,11
rep__eeg_ctr_rem_n3_slowing_ratio,242.5909090909091,219.5,0,0,11
nk__hrv_n2_hr_mean,243.6818181818182,274.0,0,0,11
nk__hrv_wake_lf,243.86363636363637,274.0,0,1,11
nk__hrv_n3_hfn,243.9090909090909,242.0,0,0,11
nk__hrv_nrem_sampen,244.13636363636363,260.0,0,0,11
arch__trans_entropy_n2,244.36363636363637,274.0,0,0,11
nk__hrv_rem_nrem_sampen_ratio,245.0909090909091,253.0,0,0,11
nk__hrv_nrem_hf,245.16666666666666,300.0,0,0,9
rep__spindle_n3_n_spindles,246.1818181818182,257.0,0,0,11
hr_mean,247.54545454545453,259.0,0,0,11
nk__hrv_sleep_sampen,247.6818181818182,273.0,0,0,11
nk__hrv_nrem_sd1,248.0,274.0,0,1,9
nk__hrv_n1_lfn,248.04545454545453,274.0,0,0,11
nk__hrv_n3_sd1sd2,248.0909090909091,274.0,0,0,11
arch__arousal_idx_n3,248.1818181818182,236.5,0,0,11
rep__eeg_n3_n_epochs,248.36363636363637,274.0,0,0,11
rep__eeg_n1_abs_delta,248.77272727272728,257.0,0,0,11
nk__eegc_rem_permen_mean,250.13636363636363,274.0,0,0,11
rep__n_hypopnea,250.27272727272728,227.0,0,0,11
nk__hrv_rem_hf,250.27272727272728,254.0,0,0,11
nk__hrv_n1_dfa_a1,250.61111111111111,274.0,0,0,9
rep__eeg_rem_rel_beta,250.72727272727272,239.0,0,0,11
rep__eeg_wake_rel_sigma,250.88888888888889,262.0,0,0,9
nk__hrv_rem_sd2,251.22727272727272,274.0,0,0,11
rep__eeg_n1_delta_sigma,251.27272727272728,267.0,0,0,11
nk__hrv_nrem_sd2,251.38888888888889,274.0,0,0,9
rep__eeg_wake_abs_sigma,251.45454545454547,274.0,0,0,11
nk__hrv_n2_sdnn,251.77777777777777,290.0,0,0,9
nk__hrv_wake_hr_mean,252.27272727272728,271.0,0,0,11
nk__hrv_rem_sd1sd2,253.04545454545453,271.0,0,0,11
nk__hrv_n1_sampen,253.3181818181818,260.0,0,0,11
micro__cap_a_index,253.36363636363637,274.0,0,0,11
nk__eegc_n1_permen_mean,253.63636363636363,274.0,0,0,11
arch__trans_entropy_rate,254.54545454545453,262.0,0,0,11
rep__spindle_n2_minutes,255.22727272727272,268.0,0,0,11
arch__trans_stability_index,256.3888888888889,261.5,0,0,9
nk__hrv_n2_sd2,256.40909090909093,274.0,0,0,11
micro__couple_nrem_preferred_phase_cos,257.27272727272725,268.0,0,0,11
arch__trans_p_n2_n2,257.59090909090907,274.0,0,0,11
prob_n3_mean,257.72727272727275,240.0,0,0,11
arch__trans_p_n1_rem,257.8181818181818,239.0,0,0,11
rep__eeg_wake_abs_alpha,259.1363636363636,274.0,0,0,11
rep__n_apnea_hypopnea,259.27272727272725,274.0,0,0,11
nk__hrv_n2_hfn,259.44444444444446,274.0,0,0,9
rep__hypopnea_dur_max_s,259.59090909090907,298.0,0,0,11
nk__hrv_nrem_sdnn,259.6666666666667,298.0,0,0,9
rep__eeg_n2_rel_delta,260.27272727272725,239.0,0,0,11
arch__trans_p_wake_n2,262.1818181818182,274.0,0,0,11
nk__hrv_wake_sd1sd2,262.27272727272725,293.0,0,0,11
nk__hrv_n3_dfa_a1,262.5,274.0,0,0,11
micro__couple_n2_preferred_phase_cos,262.90909090909093,274.0,0,0,11
micro__couple_n2_preferred_phase_sin,263.1818181818182,284.0,0,0,11
nk__hrv_wake_sampen,263.8636363636364,299.5,0,0,11
nk__hrv_rem_hfn,264.59090909090907,274.0,0,0,11
arch__trans_p_n3_wake,265.09090909090907,274.0,0,0,11
ahi,265.5,271.0,0,0,11
nk__hrv_n1_hfn,265.77272727272725,274.0,0,0,11
nk__hrv_wake_tp,267.04545454545456,284.0,0,0,11
nk__rsp_n2_rate_mean,267.27272727272725,274.0,0,0,11
rep__eeg_n3_rel_alpha,267.72727272727275,289.0,0,0,11
nk__eegc_n2_permen_mean,268.1818181818182,302.0,0,0,11
rep__remd_rem_min,268.95454545454544,274.0,0,0,11
nk__eegc_n3_wake_sampen_ratio,269.27272727272725,274.0,0,0,11
nk__hrv_sleep_hr_mean,269.3636363636364,291.0,0,0,11
rep__eeg_n2_rel_beta,269.54545454545456,334.0,0,0,11
rep__eeg_n1_rem_slowing,270.3636363636364,299.5,0,0,11
nk__hrv_nrem_hr_mean,270.45454545454544,293.0,0,0,11
nk__hrv_n1_hr_mean,271.95454545454544,274.0,0,0,11
nk__hrv_sleep_lfhf,272.90909090909093,274.0,0,0,11
hrv_sdnn,273.72727272727275,299.5,0,0,11
nk__hrv_n2_cvnn,274.72222222222223,279.0,0,0,9
spo2_desat_idx,275.09090909090907,269.5,0,0,11
nk__hrv_n3_tp,275.45454545454544,297.0,0,0,11
nk__hrv_rem_hr_mean,275.54545454545456,274.0,0,0,11
micro__cap_a1_index,277.72727272727275,273.0,0,0,11
nk__hrv_sleep_tp,279.72727272727275,311.0,0,0,11
nk__hrv_n2_lfn,280.09090909090907,307.0,0,0,11
rep__eeg_wake_theta_alpha,281.54545454545456,290.0,0,0,11
rep__eeg_ctr_n3_delta_abs,283.5,324.0,0,0,9
nk__hrv_n2_n_beats,283.6818181818182,297.0,0,0,11
nk__hrv_nrem_dfa_a1,284.0,338.0,0,0,9
rep__eeg_n2_rem_slowing,286.3636363636364,274.0,0,0,11
rep__eeg_n1_rel_delta,286.72727272727275,283.0,0,0,11
rep__eeg_n3_rel_sigma,288.77272727272725,274.0,0,0,11
rep__hypopnea_dur_mean_s,289.3636363636364,299.5,0,0,11
nk__eegc_rem_sampen_mean,291.8636363636364,292.0,0,0,11
nk__hrv_n2_lfhf,292.77272727272725,305.0,0,0,11
nk__eegc_rem_permen_sd,293.3181818181818,285.0,0,0,11
rep__remd_rem_density_index,293.90909090909093,291.0,0,0,11
rep__eeg_wake_delta_sigma,294.09090909090907,274.0,0,0,11
nk__eegc_n3_n_epochs,295.1818181818182,379.0,1,1,11
arch__trans_p_rem_n2,295.90909090909093,348.0,0,0,11
nk__hrv_nrem_lfhf,296.3636363636364,302.0,0,0,11
nk__hrv_nrem_tp,297.6818181818182,306.0,0,0,11
slow_wave_density,298.3333333333333,306.5,0,0,9
rep__eeg_wake_n_epochs,298.90909090909093,315.0,0,0,11
rep__spo2_min,299.09090909090907,318.0,0,0,11
nk__eegc_n3_sampen_mean,301.8181818181818,348.5,0,0,11
nk__eegc_n1_n_epochs,302.3333333333333,371.0,0,0,9
nk__hrv_n3_hf,303.3636363636364,307.0,0,0,11
nk__hrv_n2_tp,306.5,320.0,0,0,11
rep__t90_min,307.6363636363636,297.0,0,0,11
nk__hrv_n2_hf,308.27272727272725,299.0,0,0,11
micro__couple_n3_coupling_strength,308.77272727272725,348.0,1,1,11
rep__eeg_ctr_rem_slowing,310.44444444444446,278.0,0,0,9
spo2_p1,310.6363636363636,309.0,0,0,11
rep__hb_pctmin_total,313.40909090909093,358.0,0,0,11
nk__hrv_n2_lf,313.72727272727275,322.0,0,0,11
n_n2_bouts,314.6363636363636,288.5,0,0,11
spo2_std,315.09090909090907,318.0,0,0,11
rep__RERA_dur_max_s,315.45454545454544,318.0,0,0,11
rep__n_central_apnea,315.6818181818182,321.0,0,0,11
rep__odi,315.6818181818182,336.0,0,0,11
rep__event_dur_median_s,316.0,281.0,0,0,9
nk__hrv_sleep_lf,318.95454545454544,324.0,0,0,11
rep__eeg_n1_rel_beta,319.54545454545456,348.5,0,0,11
rep__eeg_n3_delta_sigma,319.90909090909093,348.5,0,0,11
n_n3_bouts,320.72727272727275,365.0,0,0,11
rep__post_event_overshoot,322.3181818181818,305.0,0,0,11
arch__trans_p_wake_rem,331.22727272727275,350.0,0,0,11
rep__hypoxic_burden,334.27272727272725,329.0,0,0,11
nk__eegc_rem_n_epochs,334.6111111111111,394.0,0,0,9
rep__eeg_ctr_n3_delta_rel,334.77777777777777,318.5,0,0,9
eth_not_hispanic,335.44444444444446,415.0,0,0,9
micro__couple_n3_modulation,340.22222222222223,338.0,0,0,9
rep__n_desat,342.8636363636364,359.0,0,0,11
arch__trans_p_n3_n1,344.6111111111111,390.0,0,0,9
micro__couple_n3_n_spindles,347.27272727272725,364.0,0,0,11
eth_unavail,352.27777777777777,415.0,0,0,9
eth_hispanic,360.44444444444446,415.0,0,0,9
race_asian,361.77777777777777,415.0,0,0,9
rep__spo2_p1,362.77272727272725,381.5,0,0,11
sex_f,363.3888888888889,415.0,0,0,9
sex_m,363.6111111111111,415.0,0,0,9
race_black,369.54545454545456,418.0,0,0,11
rep__eeg_n2_n_epochs,369.55555555555554,413.0,0,0,9
arch__trans_p_n3_rem,370.0,415.0,0,0,9
race_unavail,386.5,415.0,0,0,9
nk__eegc_n2_n_epochs,393.05555555555554,415.0,0,0,9
arch__trans_p_rem_n3,396.94444444444446,415.0,0,0,9
arch__trans_p_wake_n3,397.55555555555554,415.0,0,0,9
nk__eegc_wake_n_epochs,403.75,420.5,0,0,8
race_white,404.0,420.0,0,0,9
wake_intrusions_per_hr,404.85714285714283,431.5,0,0,7
arch__arousal_idx_wake,404.85714285714283,431.5,0,0,7
arch__trans_p_n1_n3,404.85714285714283,431.5,0,0,7
race_other,404.85714285714283,431.5,0,0,7
sex_o,404.85714285714283,431.5,0,0,7
